Manufacturer,Screen Size,Pixel,Motion Rate,Overall Rating,Video Quality,Sound quality,Appearance,Number of Features,Ease of Set up,Life Span,Expert Overall Rating,"size=26""","size=32""","size=36""","size=40""","size=42""","size=46""","size=49""","size=52""","size=55""","size=60""",motionrate=120,motionrate=240,motionrate=600,Pixel=1080,Selling Price,Yearly units sold in US
LG,19,60,720,3.71,3.34,4.12,3.61,4.33,3.38,2.99,3.63,0,0,0,0,0,0,0,0,0,0,0,0,0,0,430,16041
LG,19,60,1080,3.66,3.3,4.07,4.12,4.55,4.08,3.04,3.42,0,0,0,0,0,0,0,0,0,0,0,0,0,1,535,16364
LG,19,120,720,3.72,3.38,4.37,4.07,4.11,3.4,3.13,3.77,0,0,0,0,0,0,0,0,0,0,1,0,0,0,495,15998
LG,19,120,1080,3.71,3.37,4.16,4.25,4.14,3.37,3.29,3.56,0,0,0,0,0,0,0,0,0,0,1,0,0,1,540,16214
LG,19,240,720,3.62,3.54,4.57,4.1,4.23,3.76,3.13,4.06,0,0,0,0,0,0,0,0,0,0,0,1,0,0,545,16343
LG,19,240,1080,3.69,3.37,4.2,4.33,4.13,3.58,3.21,3.53,0,0,0,0,0,0,0,0,0,0,0,1,0,1,620,16183
LG,19,600,720,3.29,3.52,4.57,3.35,3.82,3.12,3.18,3.73,0,0,0,0,0,0,0,0,0,0,0,0,1,0,610,15555
LG,19,600,1080,3.51,3.52,3.71,3.86,4.34,3.92,3.17,4.11,0,0,0,0,0,0,0,0,0,0,0,0,1,1,640,16396
LG,26,60,720,3.67,3.65,4.27,3.84,3.77,3.81,3.23,3.91,1,0,0,0,0,0,0,0,0,0,0,0,0,0,490,17005
LG,26,60,1080,3.28,3.36,4.26,3.93,4.11,4.09,3.33,3.7,1,0,0,0,0,0,0,0,0,0,0,0,0,1,580,17040
LG,26,120,720,3.5,3.35,4.59,4.27,3.78,3.69,3.11,3.8,1,0,0,0,0,0,0,0,0,0,1,0,0,0,555,16880
LG,26,120,1080,3.44,3.57,4.25,3.75,4.59,3.81,3.07,4.18,1,0,0,0,0,0,0,0,0,0,1,0,0,1,615,17358
LG,26,240,720,3.87,3.33,4.56,4.03,4.23,3.25,3.12,3.98,1,0,0,0,0,0,0,0,0,0,0,1,0,0,605,16735
LG,26,240,1080,3.64,3.22,4.58,3.38,4.34,4.16,3.07,3.43,1,0,0,0,0,0,0,0,0,0,0,1,0,1,665,17015
LG,26,600,720,3.83,3.41,4.08,3.68,4.12,4.31,2.87,3.74,1,0,0,0,0,0,0,0,0,0,0,0,1,0,610,17129
LG,26,600,1080,3.69,3.45,3.96,4.23,4.68,3.49,3.09,3.91,1,0,0,0,0,0,0,0,0,0,0,0,1,1,730,17181
LG,32,60,720,3.8,3.36,4.37,3.43,4.08,3.39,3.12,3.39,0,1,0,0,0,0,0,0,0,0,0,0,0,0,550,17586
LG,32,60,1080,3.47,3.36,4.04,4.37,4.55,3.9,3.06,3.76,0,1,0,0,0,0,0,0,0,0,0,0,0,1,640,18146
LG,32,120,720,3.53,3.26,4.17,3.8,4.55,3.26,3.08,3.69,0,1,0,0,0,0,0,0,0,0,1,0,0,0,585,17639
LG,32,120,1080,3.31,3.57,4.09,4.11,4.04,3.65,3.22,3.76,0,1,0,0,0,0,0,0,0,0,1,0,0,1,675,17888
LG,32,240,720,3.62,3.42,4.22,3.6,4.33,3.56,3.11,3.54,0,1,0,0,0,0,0,0,0,0,0,1,0,0,665,17590
LG,32,240,1080,4.42,3.35,4.32,4.18,4.24,3.85,3.1,3.33,0,1,0,0,0,0,0,0,0,0,0,1,0,1,740,17992
LG,32,600,720,3.53,3.44,4.34,3.95,4.83,3.01,3.03,3.49,0,1,0,0,0,0,0,0,0,0,0,0,1,0,700,17760
LG,32,600,1080,3.49,3.48,4.23,4.33,3.9,3.64,3.04,4.07,0,1,0,0,0,0,0,0,0,0,0,0,1,1,745,17854
LG,36,60,720,3.76,3.3,4.01,3.79,3.72,3.68,3.09,3.67,0,0,1,0,0,0,0,0,0,0,0,0,0,0,595,21426
LG,36,60,1080,3.03,3.42,4.03,3.73,4.29,3.07,3.11,3.51,0,0,1,0,0,0,0,0,0,0,0,0,0,1,685,21481
LG,36,120,720,3.84,3.35,4.26,3.72,3.91,3.55,3.14,3.99,0,0,1,0,0,0,0,0,0,0,1,0,0,0,675,21363
LG,36,120,1080,3.25,3.57,3.76,4.54,4.02,3.79,3.26,3.88,0,0,1,0,0,0,0,0,0,0,1,0,0,1,720,21850
LG,36,240,720,3.67,3.42,3.97,3.85,4.3,3.22,3.24,3.53,0,0,1,0,0,0,0,0,0,0,0,1,0,0,695,21433
LG,36,240,1080,3.58,3.29,3.89,3.47,3.81,3.51,2.98,3.91,0,0,1,0,0,0,0,0,0,0,0,1,0,1,785,21235
LG,36,600,720,3.48,3.39,4.13,4.23,4.52,3.66,3.28,3.92,0,0,1,0,0,0,0,0,0,0,0,0,1,0,775,21683
LG,36,600,1080,3.28,3.44,4.3,3.96,4.33,3.44,3,3.55,0,0,1,0,0,0,0,0,0,0,0,0,1,1,835,21586
LG,40,60,720,3.63,3.61,4.67,3.84,4.63,4.07,3.36,3.81,0,0,0,1,0,0,0,0,0,0,0,0,0,0,670,16948
LG,40,60,1080,3.84,3.4,4.2,4.11,4.11,3.83,3.12,3.63,0,0,0,1,0,0,0,0,0,0,0,0,0,1,775,16533
LG,40,120,720,3.7,3.46,3.99,4.22,4.47,3.43,3.06,3.95,0,0,0,1,0,0,0,0,0,0,1,0,0,0,735,16469
LG,40,120,1080,3.92,3.52,4.11,3.76,3.86,3.7,2.9,3.45,0,0,0,1,0,0,0,0,0,0,1,0,0,1,765,16552
LG,40,240,720,3.08,3.45,4.29,3.98,4.27,3.94,3.06,3.62,0,0,0,1,0,0,0,0,0,0,0,1,0,0,755,16510
LG,40,240,1080,3.51,3.31,4.4,3.86,4.54,3.67,3.25,3.86,0,0,0,1,0,0,0,0,0,0,0,1,0,1,815,16607
LG,40,600,720,3.09,3.38,4.11,3.78,4.01,3.77,3.06,3.68,0,0,0,1,0,0,0,0,0,0,0,0,1,0,820,16057
LG,40,600,1080,3.53,3.33,4.2,4.09,4.23,3.79,3.05,3.82,0,0,0,1,0,0,0,0,0,0,0,0,1,1,895,16516
LG,42,60,720,3.66,3.47,4.44,4.17,4.69,3.82,2.97,4.05,0,0,0,0,1,0,0,0,0,0,0,0,0,0,730,23654
LG,42,60,1080,3.27,3.55,4.24,3.54,3.96,3.2,2.98,3.61,0,0,0,0,1,0,0,0,0,0,0,0,0,1,790,23151
LG,42,120,720,3.88,3.4,4.22,4.28,3.87,3.4,3.04,3.48,0,0,0,0,1,0,0,0,0,0,1,0,0,0,780,23120
LG,42,120,1080,3.36,3.51,4.13,3.99,4.48,3.49,3.14,4.01,0,0,0,0,1,0,0,0,0,0,1,0,0,1,855,23476
LG,42,240,720,3.69,3.33,4.12,3.88,4.19,3.12,2.89,3.61,0,0,0,0,1,0,0,0,0,0,0,1,0,0,815,22996
LG,42,240,1080,3.4,3.42,4.41,3.47,3.87,3.18,3.17,3.76,0,0,0,0,1,0,0,0,0,0,0,1,0,1,890,22988
LG,42,600,720,3.27,3.38,4.09,3.87,3.93,3.71,3.05,3.58,0,0,0,0,1,0,0,0,0,0,0,0,1,0,880,22867
LG,42,600,1080,3.28,3.56,4.19,3.93,4.3,3.71,3.18,3.39,0,0,0,0,1,0,0,0,0,0,0,0,1,1,970,23325
LG,46,60,720,3.06,3.43,3.99,3.98,4.27,3.88,3.1,3.51,0,0,0,0,0,1,0,0,0,0,0,0,0,0,790,27631
LG,46,60,1080,3.96,3.48,4.32,3.82,4.09,3.71,3.06,3.96,0,0,0,0,0,1,0,0,0,0,0,0,0,1,880,27739
LG,46,120,720,2.77,3.37,4.25,4.23,4.27,3.37,3.15,3.62,0,0,0,0,0,1,0,0,0,0,1,0,0,0,840,27437
LG,46,120,1080,3.11,3.34,4.29,4.42,4.37,3.6,3.15,3.67,0,0,0,0,0,1,0,0,0,0,1,0,0,1,930,27626
LG,46,240,720,2.9,3.44,4.19,4.32,3.98,3.39,3.3,3.76,0,0,0,0,0,1,0,0,0,0,0,1,0,0,905,27311
LG,46,240,1080,3.1,3.32,4.05,3.88,4.1,3.86,2.97,3.94,0,0,0,0,0,1,0,0,0,0,0,1,0,1,980,27402
LG,46,600,720,2.66,3.26,4.18,4.05,3.98,3.15,3.03,3.73,0,0,0,0,0,1,0,0,0,0,0,0,1,0,955,26940
LG,46,600,1080,3.68,3.37,3.94,4.07,4.6,3.86,2.98,3.65,0,0,0,0,0,1,0,0,0,0,0,0,1,1,1000,27849
LG,49,60,720,3.51,3.56,4.13,3.76,3.82,3.75,3.04,3.53,0,0,0,0,0,0,1,0,0,0,0,0,0,0,865,14316
LG,49,60,1080,3.19,3.36,4.66,3.95,4.68,3.83,3.05,3.82,0,0,0,0,0,0,1,0,0,0,0,0,0,1,910,14832
LG,49,120,720,3.11,3.42,4.53,3.77,4.03,3.43,3.06,3.28,0,0,0,0,0,0,1,0,0,0,1,0,0,0,900,14155
LG,49,120,1080,3.1,3.34,4.37,3.97,4.2,3.66,3.05,3.47,0,0,0,0,0,0,1,0,0,0,1,0,0,1,975,14332
LG,49,240,720,3.42,3.19,4.29,4.43,4.49,3.59,3.05,3.85,0,0,0,0,0,0,1,0,0,0,0,1,0,0,950,14396
LG,49,240,1080,2.89,3.4,4.37,3.89,4.42,3.15,3.08,3.79,0,0,0,0,0,0,1,0,0,0,0,1,0,1,1055,14263
LG,49,600,720,3.62,3.57,4.28,3.73,4.1,3.75,3.14,3.44,0,0,0,0,0,0,1,0,0,0,0,0,1,0,1015,14165
LG,49,600,1080,3.47,3.37,4.39,4.36,4.47,3.73,3.21,3.81,0,0,0,0,0,0,1,0,0,0,0,0,1,1,1060,14685
LG,52,60,720,3.4,3.28,4.44,4.21,3.85,3.38,3.06,3.79,0,0,0,0,0,0,0,1,0,0,0,0,0,0,940,13202
LG,52,60,1080,3.7,3.3,4,3.79,4.61,3.97,3.28,3.46,0,0,0,0,0,0,0,1,0,0,0,0,0,1,970,14042
LG,52,120,720,3.6,3.44,4.16,3.73,4.55,3.07,3.19,3.69,0,0,0,0,0,0,0,1,0,0,1,0,0,0,975,13564
LG,52,120,1080,3.4,3.36,4.19,4.37,4.21,3.48,3.22,4.02,0,0,0,0,0,0,0,1,0,0,1,0,0,1,1050,13637
LG,52,240,720,3.51,3.5,4.09,3.96,4.32,3.48,3,3.6,0,0,0,0,0,0,0,1,0,0,0,1,0,0,995,13696
LG,52,240,1080,3.46,3.37,4,4.01,4.49,3.39,2.92,3.43,0,0,0,0,0,0,0,1,0,0,0,1,0,1,1085,13704
LG,52,600,720,3.31,3.19,4.45,4.05,4.1,3.4,3.13,3.73,0,0,0,0,0,0,0,1,0,0,0,0,1,0,1060,13340
LG,52,600,1080,3.83,3.36,4.33,3.76,4.36,3.74,3.13,3.59,0,0,0,0,0,0,0,1,0,0,0,0,1,1,1135,13756
LG,55,60,720,3.86,3.47,4.02,4.28,4.41,3.34,2.93,3.63,0,0,0,0,0,0,0,0,1,0,0,0,0,0,955,12758
LG,55,60,1080,3.52,3.5,3.99,4.66,4.31,3.62,2.95,3.78,0,0,0,0,0,0,0,0,1,0,0,0,0,1,1045,12983
LG,55,120,720,3.19,3.53,4.29,3.2,3.77,3.47,3.14,3.69,0,0,0,0,0,0,0,0,1,0,1,0,0,0,1020,12209
LG,55,120,1080,3.15,3.5,4.06,4.01,4.1,3.56,3.2,3.62,0,0,0,0,0,0,0,0,1,0,1,0,0,1,1110,12506
LG,55,240,720,3.58,3.51,3.96,4.23,3.61,4.18,3.24,3.49,0,0,0,0,0,0,0,0,1,0,0,1,0,0,1070,12563
LG,55,240,1080,3.42,3.59,4.15,3.71,4.09,3.44,3.01,3.54,0,0,0,0,0,0,0,0,1,0,0,1,0,1,1160,12529
LG,55,600,720,3.26,3.55,4.03,3.98,3.96,3.87,3.16,3.5,0,0,0,0,0,0,0,0,1,0,0,0,1,0,1090,12594
LG,55,600,1080,3.54,3.42,4.37,4,4.17,3.61,3.16,3.58,0,0,0,0,0,0,0,0,1,0,0,0,1,1,1210,12565
LG,60,60,720,3.14,3.35,4.66,3.77,4.31,3.61,3.1,4.05,0,0,0,0,0,0,0,0,0,1,0,0,0,0,1060,9230
LG,60,60,1080,3.6,3.37,3.86,4.16,4.45,3.03,2.99,3.73,0,0,0,0,0,0,0,0,0,1,0,0,0,1,1105,9285
LG,60,120,720,3.02,3.47,4.37,4.31,4.16,3.91,2.99,3.59,0,0,0,0,0,0,0,0,0,1,1,0,0,0,1110,9413
LG,60,120,1080,2.76,3.52,4.28,4.02,4.21,3.65,3.17,3.67,0,0,0,0,0,0,0,0,0,1,1,0,0,1,1155,9399
LG,60,240,720,3.44,3.38,4.03,4.06,4.5,3.47,2.93,3.75,0,0,0,0,0,0,0,0,0,1,0,1,0,0,1115,9326
LG,60,240,1080,3.21,3.55,4.39,3.79,4.59,3.61,3.07,3.76,0,0,0,0,0,0,0,0,0,1,0,1,0,1,1220,9571
LG,60,600,720,3.96,3.33,4.02,4.29,4.27,3.57,3.11,3.76,0,0,0,0,0,0,0,0,0,1,0,0,1,0,1195,9226
LG,60,600,1080,3.91,3.35,3.82,3.92,4.46,4.15,3.21,3.92,0,0,0,0,0,0,0,0,0,1,0,0,1,1,1240,9622
Panasonic,19,60,720,3.95,4.32,3.55,3.65,3.93,4.16,4.6,4.16,0,0,0,0,0,0,0,0,0,0,0,0,0,0,475,16777
Panasonic,19,60,1080,4.21,4.43,3.31,3.47,3.71,4.19,4.67,4.02,0,0,0,0,0,0,0,0,0,0,0,0,0,1,550,16822
Panasonic,19,120,720,4.17,4.54,3.27,3.45,3.53,4.34,4.51,4.14,0,0,0,0,0,0,0,0,0,0,1,0,0,0,525,16608
Panasonic,19,120,1080,3.66,4.44,3.61,3.71,3.99,4.61,4.49,4.04,0,0,0,0,0,0,0,0,0,0,1,0,0,1,570,17191
Panasonic,19,240,720,3.54,4.49,3.81,3.42,3.82,4.34,4.59,4.13,0,0,0,0,0,0,0,0,0,0,0,1,0,0,590,16602
Panasonic,19,240,1080,3.67,4.24,3.16,3.79,3.74,4.69,4.57,4.22,0,0,0,0,0,0,0,0,0,0,0,1,0,1,665,16692
Panasonic,19,600,720,3.58,4.47,3.41,3.71,3.89,3.59,4.72,4.23,0,0,0,0,0,0,0,0,0,0,0,0,1,0,640,16344
Panasonic,19,600,1080,4.02,4.61,3.48,3.61,4.1,4.07,4.66,4.16,0,0,0,0,0,0,0,0,0,0,0,0,1,1,685,16968
Panasonic,26,60,720,3.88,4.45,3.1,3.55,3.92,4.27,4.65,4.17,1,0,0,0,0,0,0,0,0,0,0,0,0,0,535,17701
Panasonic,26,60,1080,3.89,4.25,3.67,3.62,3.86,3.95,4.46,4.21,1,0,0,0,0,0,0,0,0,0,0,0,0,1,625,17514
Panasonic,26,120,720,3.59,4.38,3.42,4.26,3.88,3.82,4.5,4.29,1,0,0,0,0,0,0,0,0,0,1,0,0,0,615,17348
Panasonic,26,120,1080,4.23,4.35,3.88,3.53,3.82,4.39,4.62,4.46,1,0,0,0,0,0,0,0,0,0,1,0,0,1,630,17797
Panasonic,26,240,720,4.13,4.44,3.42,3.24,3.57,4.38,4.57,4.32,1,0,0,0,0,0,0,0,0,0,0,1,0,0,650,17373
Panasonic,26,240,1080,3.97,4.44,3.58,3.93,4.04,4.29,4.73,4.14,1,0,0,0,0,0,0,0,0,0,0,1,0,1,710,17902
Panasonic,26,600,720,4.31,4.44,3.27,3.67,4.22,4.32,4.73,4.32,1,0,0,0,0,0,0,0,0,0,0,0,1,0,670,17757
Panasonic,26,600,1080,3.74,4.36,3.38,3.42,3.64,3.94,4.54,4.15,1,0,0,0,0,0,0,0,0,0,0,0,1,1,775,17191
Panasonic,32,60,720,4.12,4.34,3.27,4.07,4.38,4.05,4.69,3.84,0,1,0,0,0,0,0,0,0,0,0,0,0,0,595,18670
Panasonic,32,60,1080,4.1,4.34,3.58,3.66,3.75,4.17,4.74,3.73,0,1,0,0,0,0,0,0,0,0,0,0,0,1,685,18368
Panasonic,32,120,720,4.1,4.49,3.76,3.61,3.73,3.99,4.63,3.86,0,1,0,0,0,0,0,0,0,0,1,0,0,0,615,18442
Panasonic,32,120,1080,3.78,4.21,3.38,3.39,3.53,4.3,4.76,4.15,0,1,0,0,0,0,0,0,0,0,1,0,0,1,735,18105
Panasonic,32,240,720,4.1,4.38,3.59,3.34,3.56,4.91,4.71,4.08,0,1,0,0,0,0,0,0,0,0,0,1,0,0,725,18233
Panasonic,32,240,1080,3.85,4.43,3.4,3.2,3.51,4.06,4.62,4.06,0,1,0,0,0,0,0,0,0,0,0,1,0,1,755,18084
Panasonic,32,600,720,3.73,4.33,3.52,3.47,3.91,4.39,4.69,4.21,0,1,0,0,0,0,0,0,0,0,0,0,1,0,745,18199
Panasonic,32,600,1080,3.64,4.45,3.74,3.34,4.28,3.89,4.62,4.07,0,1,0,0,0,0,0,0,0,0,0,0,1,1,805,18466
Panasonic,36,60,720,4.31,4.39,3.52,3.68,3.96,4.6,4.56,4.07,0,0,1,0,0,0,0,0,0,0,0,0,0,0,655,22501
Panasonic,36,60,1080,3.75,4.31,3.29,3.49,4.06,3.91,4.64,4.32,0,0,1,0,0,0,0,0,0,0,0,0,0,1,715,22333
Panasonic,36,120,720,3.95,4.42,3.33,3.9,4.2,4.26,4.6,4.36,0,0,1,0,0,0,0,0,0,0,1,0,0,0,705,22329
Panasonic,36,120,1080,3.64,4.37,3.47,3.85,3.05,4.01,4.56,4.69,0,0,1,0,0,0,0,0,0,0,1,0,0,1,780,21869
Panasonic,36,240,720,3.91,4.36,3.46,3.58,3.75,4.35,4.78,4.26,0,0,1,0,0,0,0,0,0,0,0,1,0,0,725,22196
Panasonic,36,240,1080,3.03,4.33,3.33,3.49,3.91,4.2,4.62,4.21,0,0,1,0,0,0,0,0,0,0,0,1,0,1,830,22076
Panasonic,36,600,720,3.67,4.41,3.54,3.78,4.02,4.19,4.87,4.09,0,0,1,0,0,0,0,0,0,0,0,0,1,0,820,22135
Panasonic,36,600,1080,3.57,4.22,3.75,3.32,3.41,5,4.57,4.16,0,0,1,0,0,0,0,0,0,0,0,0,1,1,865,22092
Panasonic,40,60,720,3.7,4.36,3.45,3.68,3.5,4.01,4.66,4.19,0,0,0,1,0,0,0,0,0,0,0,0,0,0,730,16716
Panasonic,40,60,1080,3.94,4.35,3.46,3.42,4.04,4.19,4.76,3.85,0,0,0,1,0,0,0,0,0,0,0,0,0,1,805,17114
Panasonic,40,120,720,3.9,4.31,3.06,3.47,3.77,5,4.87,4.15,0,0,0,1,0,0,0,0,0,0,1,0,0,0,780,17034
Panasonic,40,120,1080,4.58,4.47,3.35,3.42,3.97,3.86,4.63,4.35,0,0,0,1,0,0,0,0,0,0,1,0,0,1,840,17103
Panasonic,40,240,720,3.83,4.33,3.22,3.67,3.51,4.37,4.52,4.09,0,0,0,1,0,0,0,0,0,0,0,1,0,0,785,16903
Panasonic,40,240,1080,3.92,4.45,3.42,3.39,3.31,3.88,4.68,4.3,0,0,0,1,0,0,0,0,0,0,0,1,0,1,875,16701
Panasonic,40,600,720,3.53,4.5,3.61,3.34,4.03,4.51,4.47,4.4,0,0,0,1,0,0,0,0,0,0,0,0,1,0,880,16943
Panasonic,40,600,1080,3.86,4.38,3.8,3.66,4.16,4.3,4.57,4.42,0,0,0,1,0,0,0,0,0,0,0,0,1,1,940,17130
Panasonic,42,60,720,3.6,4.43,3.86,3.47,4.29,4.4,4.63,4.36,0,0,0,0,1,0,0,0,0,0,0,0,0,0,775,24122
Panasonic,42,60,1080,4.01,4.46,3.48,3.62,3.34,4.12,4.75,3.75,0,0,0,0,1,0,0,0,0,0,0,0,0,1,850,23737
Panasonic,42,120,720,4.26,4.39,3.44,3.48,3.4,4.27,4.74,4.09,0,0,0,0,1,0,0,0,0,0,1,0,0,0,810,23618
Panasonic,42,120,1080,4.12,4.45,3.66,3.6,3.36,4.64,4.6,4.38,0,0,0,0,1,0,0,0,0,0,1,0,0,1,885,23910
Panasonic,42,240,720,3.79,4.27,3.6,3.04,3.79,3.52,4.69,4.28,0,0,0,0,1,0,0,0,0,0,0,1,0,0,845,23448
Panasonic,42,240,1080,3.51,4.51,3.65,3.64,3.62,3.71,4.57,4.2,0,0,0,0,1,0,0,0,0,0,0,1,0,1,935,23809
Panasonic,42,600,720,4.44,4.3,3.66,3.92,4.19,4.32,4.67,4.29,0,0,0,0,1,0,0,0,0,0,0,0,1,0,925,23967
Panasonic,42,600,1080,4.62,4.22,3.2,3.76,3.36,4,4.79,4.43,0,0,0,0,1,0,0,0,0,0,0,0,1,1,1030,23540
Panasonic,46,60,720,4.04,4.54,3.61,3.73,3.28,4.11,4.62,4.23,0,0,0,0,0,1,0,0,0,0,0,0,0,0,850,28062
Panasonic,46,60,1080,3.7,4.39,3.48,3.5,3.86,3.75,4.57,4.05,0,0,0,0,0,1,0,0,0,0,0,0,0,1,895,28208
Panasonic,46,120,720,4.36,4.44,3.35,3.59,4.16,3.93,4.55,4.16,0,0,0,0,0,1,0,0,0,0,1,0,0,0,855,28410
Panasonic,46,120,1080,3.82,4.36,3.36,3.6,3.56,4.08,4.67,4.16,0,0,0,0,0,1,0,0,0,0,1,0,0,1,990,27926
Panasonic,46,240,720,3.86,4.3,3.76,3.57,3.42,3.98,4.73,4.38,0,0,0,0,0,1,0,0,0,0,0,1,0,0,950,27782
Panasonic,46,240,1080,4.27,4.09,3.34,3.38,3.76,3.94,4.81,4.28,0,0,0,0,0,1,0,0,0,0,0,1,0,1,1025,27853
Panasonic,46,600,720,3.58,4.46,3.25,3.48,3.31,4.07,4.61,4.31,0,0,0,0,0,1,0,0,0,0,0,0,1,0,1015,27539
Panasonic,46,600,1080,3.41,4.37,3.54,3.52,3.81,3.92,4.62,4.23,0,0,0,0,0,1,0,0,0,0,0,0,1,1,1045,27972
Panasonic,49,60,720,4.13,4.38,3.9,3.45,4.05,4.6,4.54,4.13,0,0,0,0,0,0,1,0,0,0,0,0,0,0,895,15230
Panasonic,49,60,1080,4.12,4.44,3.51,3.72,3.87,3.9,4.76,4.21,0,0,0,0,0,0,1,0,0,0,0,0,0,1,955,15272
Panasonic,49,120,720,4.03,4.26,3.56,4.06,3.23,4.75,4.59,4.24,0,0,0,0,0,0,1,0,0,0,1,0,0,0,930,14968
Panasonic,49,120,1080,4.15,4.33,3.31,3.29,3.64,4.09,4.55,3.92,0,0,0,0,0,0,1,0,0,0,1,0,0,1,1020,14859
Panasonic,49,240,720,4.32,4.51,3.83,3.58,3.71,3.76,4.82,4.24,0,0,0,0,0,0,1,0,0,0,0,1,0,0,995,14913
Panasonic,49,240,1080,4.29,4.46,3.52,3.26,4.34,4.01,4.68,4.39,0,0,0,0,0,0,1,0,0,0,0,1,0,1,1085,15145
Panasonic,49,600,720,3.83,4.27,3.61,3.81,4.07,4.48,4.67,4.18,0,0,0,0,0,0,1,0,0,0,0,0,1,0,1075,14852
Panasonic,49,600,1080,4.24,4.18,3.31,3.83,3.78,4.52,4.5,4.51,0,0,0,0,0,0,1,0,0,0,0,0,1,1,1120,14961
Panasonic,52,60,720,4.05,4.34,3.67,3.22,4.19,4.25,4.64,4.31,0,0,0,0,0,0,0,1,0,0,0,0,0,0,970,14245
Panasonic,52,60,1080,3.85,4.42,3.58,3.94,3.49,4.29,4.65,4.12,0,0,0,0,0,0,0,1,0,0,0,0,0,1,1030,14385
Panasonic,52,120,720,3.64,4.49,3.27,3.33,3.7,4.39,4.49,4.17,0,0,0,0,0,0,0,1,0,0,1,0,0,0,1035,14044
Panasonic,52,120,1080,4.19,4.41,3.51,3.6,4.22,3.76,4.58,4.14,0,0,0,0,0,0,0,1,0,0,1,0,0,1,1095,14298
Panasonic,52,240,720,3.89,4.29,3.41,3.77,4.25,4.03,4.56,4.25,0,0,0,0,0,0,0,1,0,0,0,1,0,0,1040,14277
Panasonic,52,240,1080,4.01,4.43,3.52,3.58,4.02,3.65,4.65,4.35,0,0,0,0,0,0,0,1,0,0,0,1,0,1,1130,14187
Panasonic,52,600,720,3.76,4.28,3.45,4.01,3.95,4.07,4.5,4.14,0,0,0,0,0,0,0,1,0,0,0,0,1,0,1120,14034
Panasonic,52,600,1080,3.53,4.3,3.46,4.1,3.62,4.48,4.71,4.29,0,0,0,0,0,0,0,1,0,0,0,0,1,1,1180,14309
Panasonic,55,60,720,4.05,4.33,3.29,3.58,4.02,4.42,4.78,4.55,0,0,0,0,0,0,0,0,1,0,0,0,0,0,1015,13418
Panasonic,55,60,1080,3.98,4.28,3.44,3.17,3.55,4.89,4.57,4.39,0,0,0,0,0,0,0,0,1,0,0,0,0,1,1090,13220
Panasonic,55,120,720,4.36,4.37,3.65,3.48,3.97,4.25,4.6,4.37,0,0,0,0,0,0,0,0,1,0,1,0,0,0,1080,13192
Panasonic,55,120,1080,4.24,4.31,3.85,3.38,3.88,3.55,4.65,4.04,0,0,0,0,0,0,0,0,1,0,1,0,0,1,1140,13081
Panasonic,55,240,720,4.32,4.37,3.27,3.4,4.14,4.71,4.72,4.09,0,0,0,0,0,0,0,0,1,0,0,1,0,0,1115,13388
Panasonic,55,240,1080,3.78,4.35,3.98,3.32,3.67,4.58,4.65,4.25,0,0,0,0,0,0,0,0,1,0,0,1,0,1,1220,13087
Panasonic,55,600,720,3.72,4.36,3.81,3.57,3.99,4.03,4.64,4.18,0,0,0,0,0,0,0,0,1,0,0,0,1,0,1150,13124
Panasonic,55,600,1080,3.62,4.35,3.53,3.97,4.04,4.27,4.55,3.87,0,0,0,0,0,0,0,0,1,0,0,0,1,1,1225,13256
Panasonic,60,60,720,4.15,4.52,3.44,3.41,3.53,4.43,4.58,3.9,0,0,0,0,0,0,0,0,0,1,0,0,0,0,1075,10064
Panasonic,60,60,1080,4.84,4.46,3.36,3.49,3.85,4.32,4.66,4.41,0,0,0,0,0,0,0,0,0,1,0,0,0,1,1135,10282
Panasonic,60,120,720,4.22,4.41,3.67,3.78,4.28,4.41,4.77,4.05,0,0,0,0,0,0,0,0,0,1,1,0,0,0,1125,10285
Panasonic,60,120,1080,3.77,4.25,3.36,3.79,3.83,4.17,4.66,4.62,0,0,0,0,0,0,0,0,0,1,1,0,0,1,1200,9925
Panasonic,60,240,720,4.25,4.24,3.41,3.65,3.71,4.19,4.48,3.76,0,0,0,0,0,0,0,0,0,1,0,1,0,0,1190,9621
Panasonic,60,240,1080,3.66,4.2,3.68,3.76,3.94,4.23,4.64,4.29,0,0,0,0,0,0,0,0,0,1,0,1,0,1,1235,10031
Panasonic,60,600,720,3.57,4.66,3.59,3.72,3.72,3.96,4.59,4.2,0,0,0,0,0,0,0,0,0,1,0,0,1,0,1240,9771
Panasonic,60,600,1080,4.22,4.5,3.68,3.47,3.93,4.63,4.58,4.05,0,0,0,0,0,0,0,0,0,1,0,0,1,1,1315,10140
Sony,19,60,720,4.19,3.8,4.05,3.51,2.96,4.19,3.9,4.49,0,0,0,0,0,0,0,0,0,0,0,0,0,0,575,15687
Sony,19,60,1080,4.64,3.93,4.19,4.24,3.23,4.07,3.93,4.46,0,0,0,0,0,0,0,0,0,0,0,0,0,1,665,16183
Sony,19,120,720,4.46,3.81,4,3.94,3.26,3.87,4.09,4.45,0,0,0,0,0,0,0,0,0,0,1,0,0,0,610,15943
Sony,19,120,1080,4.31,3.97,4.06,4.19,3.07,3.91,4.13,4.5,0,0,0,0,0,0,0,0,0,0,1,0,0,1,685,16081
Sony,19,240,720,4.23,4.04,4.18,4.15,2.86,3.84,4.13,4.42,0,0,0,0,0,0,0,0,0,0,0,1,0,0,675,15777
Sony,19,240,1080,4.64,4.01,4.21,3.71,3.33,3.91,4.21,4.45,0,0,0,0,0,0,0,0,0,0,0,1,0,1,780,16020
Sony,19,600,720,4.44,3.7,3.95,3.86,3.21,3.78,4.13,4.35,0,0,0,0,0,0,0,0,0,0,0,0,1,0,740,15575
Sony,19,600,1080,4.17,3.98,4.05,3.78,3.09,3.65,4.09,4.45,0,0,0,0,0,0,0,0,0,0,0,0,1,1,785,15714
Sony,26,60,720,4.38,3.91,4.27,3.99,3.01,3.85,4.2,4.43,1,0,0,0,0,0,0,0,0,0,0,0,0,0,620,16686
Sony,26,60,1080,4.12,3.94,4.17,4.18,3.05,3.61,4.31,4.56,1,0,0,0,0,0,0,0,0,0,0,0,0,1,725,16630
Sony,26,120,720,4.33,3.86,3.83,3.96,2.94,3.58,4.1,4.65,1,0,0,0,0,0,0,0,0,0,1,0,0,0,700,16399
Sony,26,120,1080,4.61,3.74,4.41,3.53,2.89,3.62,4.08,4.6,1,0,0,0,0,0,0,0,0,0,1,0,0,1,730,16622
Sony,26,240,720,4.41,4,3.98,4.2,3.58,3.67,4.2,4.6,1,0,0,0,0,0,0,0,0,0,0,1,0,0,750,16872
Sony,26,240,1080,4.15,3.86,3.96,3.95,3.13,3.7,4.05,4.57,1,0,0,0,0,0,0,0,0,0,0,1,0,1,810,16632
Sony,26,600,720,4.37,3.88,3.82,3.86,2.68,4.46,3.95,4.55,1,0,0,0,0,0,0,0,0,0,0,0,1,0,770,16448
Sony,26,600,1080,4.16,3.93,4.08,3.53,3.05,3.33,4.09,4.57,1,0,0,0,0,0,0,0,0,0,0,0,1,1,875,16271
Sony,32,60,720,4.7,4.16,4.08,4.02,3.52,3.38,4.12,4.43,0,1,0,0,0,0,0,0,0,0,0,0,0,0,710,17694
Sony,32,60,1080,3.94,4.14,4.04,4,3.04,3.77,4.11,4.58,0,1,0,0,0,0,0,0,0,0,0,0,0,1,755,17688
Sony,32,120,720,4.17,3.78,3.93,4.02,3.73,3.68,3.99,4.38,0,1,0,0,0,0,0,0,0,0,1,0,0,0,715,17680
Sony,32,120,1080,4.45,3.86,3.77,3.73,2.97,3.48,4.04,4.56,0,1,0,0,0,0,0,0,0,0,1,0,0,1,805,17412
Sony,32,240,720,4.14,4.01,4.7,3.8,2.97,3.8,4.03,4.42,0,1,0,0,0,0,0,0,0,0,0,1,0,0,825,17231
Sony,32,240,1080,4.3,3.7,4.4,3.77,2.89,3.93,4.2,4.4,0,1,0,0,0,0,0,0,0,0,0,1,0,1,885,17247
Sony,32,600,720,4.43,4.03,4.03,4.31,3.55,3.35,4.09,4.45,0,1,0,0,0,0,0,0,0,0,0,0,1,0,845,17583
Sony,32,600,1080,4.55,3.88,4.08,3.79,3.03,3.58,4.16,4.37,0,1,0,0,0,0,0,0,0,0,0,0,1,1,905,17384
Sony,36,60,720,4.11,4.05,4.17,3.91,3.33,3.31,4.16,4.5,0,0,1,0,0,0,0,0,0,0,0,0,0,0,725,21295
Sony,36,60,1080,4.27,3.82,4.1,3.77,2.71,3.73,4.08,4.61,0,0,1,0,0,0,0,0,0,0,0,0,0,1,815,21120
Sony,36,120,720,4.21,3.82,3.99,4.13,3.03,3.75,3.9,4.48,0,0,1,0,0,0,0,0,0,0,1,0,0,0,820,21043
Sony,36,120,1080,4.28,4.14,4.29,3.95,3.4,3.9,4.14,4.55,0,0,1,0,0,0,0,0,0,0,1,0,0,1,880,21601
Sony,36,240,720,4.37,3.97,3.87,3.96,2.82,3.37,4.17,4.52,0,0,1,0,0,0,0,0,0,0,0,1,0,0,825,21047
Sony,36,240,1080,4.18,3.88,4.49,4.14,3.22,3.79,4.02,4.62,0,0,1,0,0,0,0,0,0,0,0,1,0,1,915,21426
Sony,36,600,720,4.46,3.81,3.75,4.09,3.36,3.66,4.1,4.48,0,0,1,0,0,0,0,0,0,0,0,0,1,0,905,21240
Sony,36,600,1080,4.39,4.02,4.04,4.11,3.73,4.12,4.06,4.53,0,0,1,0,0,0,0,0,0,0,0,0,1,1,950,21859
Sony,40,60,720,4.21,3.94,4.27,3.52,3.39,3.79,4.27,4.75,0,0,0,1,0,0,0,0,0,0,0,0,0,0,830,16193
Sony,40,60,1080,4.36,3.68,4.12,3.99,3.48,3.54,4.1,4.61,0,0,0,1,0,0,0,0,0,0,0,0,0,1,905,16117
Sony,40,120,720,4.5,3.82,3.8,4.14,3.09,3.63,4.12,4.41,0,0,0,1,0,0,0,0,0,0,1,0,0,0,865,16007
Sony,40,120,1080,4.5,4.21,4.28,4.02,3.03,3.54,4,4.61,0,0,0,1,0,0,0,0,0,0,1,0,0,1,940,16361
Sony,40,240,720,4.43,3.91,4.13,4.13,3.22,4.13,4.03,4.41,0,0,0,1,0,0,0,0,0,0,0,1,0,0,915,16167
Sony,40,240,1080,4.29,3.71,3.94,4.37,2.93,3.55,3.96,4.5,0,0,0,1,0,0,0,0,0,0,0,1,0,1,960,16042
Sony,40,600,720,4.18,3.82,4.18,4.2,3.54,3.22,4.17,4.53,0,0,0,1,0,0,0,0,0,0,0,0,1,0,980,15977
Sony,40,600,1080,4.34,3.87,4.25,3.73,3.43,3.64,4.16,4.59,0,0,0,1,0,0,0,0,0,0,0,0,1,1,1025,16116
Sony,42,60,720,4.21,3.98,4.54,3.78,3.49,4.04,4.02,4.46,0,0,0,0,1,0,0,0,0,0,0,0,0,0,875,23207
Sony,42,60,1080,4.23,3.89,4.08,3.93,3.58,3.9,4.39,4.55,0,0,0,0,1,0,0,0,0,0,0,0,0,1,950,23258
Sony,42,120,720,4.48,3.92,4.04,3.82,3.17,3.75,4.19,4.68,0,0,0,0,1,0,0,0,0,0,1,0,0,0,910,22929
Sony,42,120,1080,4.59,3.91,4,3.93,3.03,4.24,4.14,4.31,0,0,0,0,1,0,0,0,0,0,1,0,0,1,1015,23055
Sony,42,240,720,4.42,3.81,3.71,4.2,3.36,3.52,4.29,4.39,0,0,0,0,1,0,0,0,0,0,0,1,0,0,960,22883
Sony,42,240,1080,4.71,4.03,4.2,3.84,3.55,3.78,3.85,4.62,0,0,0,0,1,0,0,0,0,0,0,1,0,1,1020,23300
Sony,42,600,720,3.99,3.87,3.69,3.89,3.46,3.44,4.09,4.47,0,0,0,0,1,0,0,0,0,0,0,0,1,0,1025,22684
Sony,42,600,1080,4.3,3.86,4.05,3.9,3.48,3.46,4.1,4.5,0,0,0,0,1,0,0,0,0,0,0,0,1,1,1130,22807
Sony,46,60,720,4.32,3.93,4.04,4.08,3.65,3.6,4.12,4.59,0,0,0,0,0,1,0,0,0,0,0,0,0,0,935,27489
Sony,46,60,1080,4.62,3.9,4.27,4.16,3.29,3.89,4,4.72,0,0,0,0,0,1,0,0,0,0,0,0,0,1,995,27692
Sony,46,120,720,4.4,3.86,3.55,3.92,3.56,4.32,4.15,4.37,0,0,0,0,0,1,0,0,0,0,1,0,0,0,970,27468
Sony,46,120,1080,4.24,3.92,4.28,3.89,3.2,3.94,3.88,4.41,0,0,0,0,0,1,0,0,0,0,1,0,0,1,1075,27311
Sony,46,240,720,4.41,4.12,4,4.14,3.44,3.38,4.11,4.49,0,0,0,0,0,1,0,0,0,0,0,1,0,0,1035,27348
Sony,46,240,1080,4.43,3.96,3.84,4.09,2.78,3.64,4.14,4.5,0,0,0,0,0,1,0,0,0,0,0,1,0,1,1125,27122
Sony,46,600,720,4.34,3.84,4.1,4.05,3.66,3.53,4.1,4.51,0,0,0,0,0,1,0,0,0,0,0,0,1,0,1115,27199
Sony,46,600,1080,3.89,3.82,4.15,4.6,2.67,3.61,4.14,4.47,0,0,0,0,0,1,0,0,0,0,0,0,1,1,1160,27012
Sony,49,60,720,4.5,3.89,4.02,3.96,3.26,4.05,4.02,4.62,0,0,0,0,0,0,1,0,0,0,0,0,0,0,995,14137
Sony,49,60,1080,3.6,3.75,3.81,4.02,3.1,3.81,4.15,4.41,0,0,0,0,0,0,1,0,0,0,0,0,0,1,1070,14048
Sony,49,120,720,4.32,4.09,4.34,3.93,2.85,4,4.06,4.52,0,0,0,0,0,0,1,0,0,0,1,0,0,0,1030,14179
Sony,49,120,1080,3.99,3.93,4.14,4.07,3.3,3.88,3.93,4.6,0,0,0,0,0,0,1,0,0,0,1,0,0,1,1120,14215
Sony,49,240,720,4.23,3.79,3.96,3.85,3.3,3.46,4.07,4.54,0,0,0,0,0,0,1,0,0,0,0,1,0,0,1095,13827
Sony,49,240,1080,4.58,3.92,4.34,4.15,3.62,3.98,4.04,4.44,0,0,0,0,0,0,1,0,0,0,0,1,0,1,1185,14397
Sony,49,600,720,4.2,3.77,4.17,4.32,3.24,3.29,4,4.51,0,0,0,0,0,0,1,0,0,0,0,0,1,0,1145,13789
Sony,49,600,1080,4.68,3.97,3.85,3.97,3.37,3.94,4.15,4.47,0,0,0,0,0,0,1,0,0,0,0,0,1,1,1235,14195
Sony,52,60,720,4.46,3.89,4.22,3.94,3.27,3.88,4.1,4.44,0,0,0,0,0,0,0,1,0,0,0,0,0,0,1085,13412
Sony,52,60,1080,4.25,3.91,3.74,3.84,3.64,4.03,4.07,4.64,0,0,0,0,0,0,0,1,0,0,0,0,0,1,1130,13657
Sony,52,120,720,4.12,3.95,3.89,3.86,3.54,3.27,4.05,4.48,0,0,0,0,0,0,0,1,0,0,1,0,0,0,1105,13251
Sony,52,120,1080,4.2,4,4.13,3.61,3.2,3.64,4.27,4.44,0,0,0,0,0,0,0,1,0,0,1,0,0,1,1210,13361
Sony,52,240,720,4.37,3.83,4.18,3.94,3.24,3.71,4.22,4.42,0,0,0,0,0,0,0,1,0,0,0,1,0,0,1155,13255
Sony,52,240,1080,3.83,3.76,4.11,3.77,3.73,3.73,4.08,4.51,0,0,0,0,0,0,0,1,0,0,0,1,0,1,1230,13408
Sony,52,600,720,4.42,3.9,3.71,4.2,3.13,3.96,4.11,4.35,0,0,0,0,0,0,0,1,0,0,0,0,1,0,1190,13304
Sony,52,600,1080,4.36,3.83,4.26,3.98,3.46,3.91,4.25,4.34,0,0,0,0,0,0,0,1,0,0,0,0,1,1,1295,13456
Sony,55,60,720,4.46,3.95,4.35,3.96,2.94,3.9,4.28,4.52,0,0,0,0,0,0,0,0,1,0,0,0,0,0,1130,12315
Sony,55,60,1080,4.71,3.72,4.33,4.23,2.97,3.75,4.21,4.37,0,0,0,0,0,0,0,0,1,0,0,0,0,1,1205,12343
Sony,55,120,720,4.24,4,3.99,3.59,3.46,4.2,4.07,4.46,0,0,0,0,0,0,0,0,1,0,1,0,0,0,1165,12551
Sony,55,120,1080,4.1,3.94,4.02,4.02,3.39,3.6,4.04,4.58,0,0,0,0,0,0,0,0,1,0,1,0,0,1,1255,12321
Sony,55,240,720,4.54,3.8,3.9,3.74,3.52,3.73,4.18,4.59,0,0,0,0,0,0,0,0,1,0,0,1,0,0,1230,12203
Sony,55,240,1080,4.48,3.88,4.15,3.82,3.01,3.53,4.01,4.65,0,0,0,0,0,0,0,0,1,0,0,1,0,1,1305,12005
Sony,55,600,720,4.27,3.99,4.15,4,3.51,3.68,3.99,4.4,0,0,0,0,0,0,0,0,1,0,0,0,1,0,1265,12332
Sony,55,600,1080,4.18,4.15,3.95,4.13,3.25,3.92,4.06,4.59,0,0,0,0,0,0,0,0,1,0,0,0,1,1,1340,12545
Sony,60,60,720,4.35,3.87,4.28,3.78,3.19,3.33,4.2,4.53,0,0,0,0,0,0,0,0,0,1,0,0,0,0,1190,8849
Sony,60,60,1080,4.07,4.05,4.27,4.06,3.71,3.76,4.12,4.63,0,0,0,0,0,0,0,0,0,1,0,0,0,1,1265,9364
Sony,60,120,720,4.31,3.82,4.23,4.24,3.63,3.48,4.12,4.52,0,0,0,0,0,0,0,0,0,1,1,0,0,0,1255,8939
Sony,60,120,1080,4.17,3.93,3.95,3.78,2.52,3.94,4.21,4.58,0,0,0,0,0,0,0,0,0,1,1,0,0,1,1300,8946
Sony,60,240,720,4.14,3.89,3.83,3.75,3.31,3.11,4.12,4.61,0,0,0,0,0,0,0,0,0,1,0,1,0,0,1275,8656
Sony,60,240,1080,4.49,3.94,4.23,3.95,2.94,3.11,3.99,4.46,0,0,0,0,0,0,0,0,0,1,0,1,0,1,1365,8809
Sony,60,600,720,4.31,3.86,4.39,4.08,3.11,4.19,4.18,4.45,0,0,0,0,0,0,0,0,0,1,0,0,1,0,1340,8967
Sony,60,600,1080,4.57,3.77,3.84,3.95,3.01,3.66,4.15,4.37,0,0,0,0,0,0,0,0,0,1,0,0,1,1,1415,8805
Samsung,19,60,720,4.19,4.4,4.01,4.19,4.36,3.98,4.28,3.93,0,0,0,0,0,0,0,0,0,0,0,0,0,0,540,16826
Samsung,19,60,1080,4.24,4.09,4.5,4.58,4.08,4.08,4.2,4.04,0,0,0,0,0,0,0,0,0,0,0,0,0,1,600,16893
Samsung,19,120,720,4.13,3.9,4.28,4.21,4.18,4.57,4.42,4.28,0,0,0,0,0,0,0,0,0,0,1,0,0,0,575,16690
Samsung,19,120,1080,4.21,4.3,4.12,4.08,4.52,3.4,4.64,4.09,0,0,0,0,0,0,0,0,0,0,1,0,0,1,650,16789
Samsung,19,240,720,4.16,3.95,3.87,4.32,4.51,4.1,4.67,4.08,0,0,0,0,0,0,0,0,0,0,0,1,0,0,625,16686
Samsung,19,240,1080,4.16,4.23,4.06,3.96,4.11,3.94,4.61,3.85,0,0,0,0,0,0,0,0,0,0,0,1,0,1,715,16643
Samsung,19,600,720,4.28,4.55,3.99,4.31,4.42,3.89,4.65,4.39,0,0,0,0,0,0,0,0,0,0,0,0,1,0,690,16883
Samsung,19,600,1080,4.28,4.38,4.1,4.25,4.51,3.69,4.85,4.17,0,0,0,0,0,0,0,0,0,0,0,0,1,1,720,17053
Samsung,26,60,720,4.31,4.05,4.27,4.12,4.16,3.86,4.16,4.27,1,0,0,0,0,0,0,0,0,0,0,0,0,0,585,17428
Samsung,26,60,1080,4.09,4.07,4.37,4.08,4.2,4.1,4.59,4.17,1,0,0,0,0,0,0,0,0,0,0,0,0,1,645,17562
Samsung,26,120,720,4.19,4.68,4.23,3.96,4.64,4.03,4.49,4.34,1,0,0,0,0,0,0,0,0,0,1,0,0,0,650,17891
Samsung,26,120,1080,4.27,4.05,4.22,3.82,4.05,3.42,4.35,4.55,1,0,0,0,0,0,0,0,0,0,1,0,0,1,695,17290
Samsung,26,240,720,4.07,4.19,4.27,4.12,4.49,4.17,4.64,3.97,1,0,0,0,0,0,0,0,0,0,0,1,0,0,700,17618
Samsung,26,240,1080,4.39,4.2,4.73,4.36,4.6,3.97,4.5,4.26,1,0,0,0,0,0,0,0,0,0,0,1,0,1,760,17899
Samsung,26,600,720,4.22,4.38,4.27,4.06,4.04,4.47,4.74,4.3,1,0,0,0,0,0,0,0,0,0,0,0,1,0,720,17695
Samsung,26,600,1080,4.15,4.16,4.23,4.52,4.37,3.57,4.29,4.1,1,0,0,0,0,0,0,0,0,0,0,0,1,1,810,17499
Samsung,32,60,720,4.3,4.21,4.52,4.02,4.16,3.68,4.33,4.67,0,1,0,0,0,0,0,0,0,0,0,0,0,0,645,18360
Samsung,32,60,1080,4.24,4.2,4.22,4.63,4.42,3.37,4.59,3.81,0,1,0,0,0,0,0,0,0,0,0,0,0,1,720,18484
Samsung,32,120,720,4.21,4.91,4.07,4.06,4.32,3.9,4.32,3.95,0,1,0,0,0,0,0,0,0,0,1,0,0,0,665,18748
Samsung,32,120,1080,4.13,4.36,4.39,4.22,4.07,4.2,4.52,4.12,0,1,0,0,0,0,0,0,0,0,1,0,0,1,770,18609
Samsung,32,240,720,4.02,3.84,4.13,4.49,4.52,3.76,4.42,4.11,0,1,0,0,0,0,0,0,0,0,0,1,0,0,775,18139
Samsung,32,240,1080,4.1,3.73,4.24,4.45,4.52,3.74,4.72,4.03,0,1,0,0,0,0,0,0,0,0,0,1,0,1,805,18372
Samsung,32,600,720,4.14,3.62,4.38,4.05,4.28,3.81,4.59,3.96,0,1,0,0,0,0,0,0,0,0,0,0,1,0,795,17885
Samsung,32,600,1080,4.25,4.65,4.36,4.35,4.51,3.85,4.42,4.35,0,1,0,0,0,0,0,0,0,0,0,0,1,1,855,18867
Samsung,36,60,720,4.26,3.85,3.88,3.98,4.13,4.21,4.37,4.08,0,0,1,0,0,0,0,0,0,0,0,0,0,0,690,22035
Samsung,36,60,1080,4.12,4.4,3.73,3.86,4.15,3.9,4.42,3.86,0,0,1,0,0,0,0,0,0,0,0,0,0,1,795,22324
Samsung,36,120,720,4.28,4.26,4.06,4.33,4.17,3.76,4.98,4.61,0,0,1,0,0,0,0,0,0,0,1,0,0,0,770,22241
Samsung,36,120,1080,4.27,3.64,4.53,3.85,4.38,4.09,4.49,4.37,0,0,1,0,0,0,0,0,0,0,1,0,0,1,845,21997
Samsung,36,240,720,4.19,4.71,4.25,3.77,4.3,3.49,4.46,4.55,0,0,1,0,0,0,0,0,0,0,0,1,0,0,790,22311
Samsung,36,240,1080,4.1,4.27,4.17,4.19,4.78,4.08,4.46,4.09,0,0,1,0,0,0,0,0,0,0,0,1,0,1,895,22558
Samsung,36,600,720,4.29,4.65,4.17,4.48,4.39,3.84,4.8,4.67,0,0,1,0,0,0,0,0,0,0,0,0,1,0,870,22517
Samsung,36,600,1080,4.19,4.2,4.41,4.44,4.51,4.54,4.15,4.38,0,0,1,0,0,0,0,0,0,0,0,0,1,1,915,22575
Samsung,40,60,720,4.1,4.15,4.27,3.9,4.51,3.71,4.72,3.56,0,0,0,1,0,0,0,0,0,0,0,0,0,0,780,17017
Samsung,40,60,1080,4.23,3.79,4.3,4.21,4.47,4.03,4.36,3.72,0,0,0,1,0,0,0,0,0,0,0,0,0,1,855,17051
Samsung,40,120,720,4.25,4.11,3.78,4.36,4.44,3.94,4.45,4.28,0,0,0,1,0,0,0,0,0,0,1,0,0,0,815,17092
Samsung,40,120,1080,4.05,4.14,4.17,4.39,4.65,3.58,4.64,4.07,0,0,0,1,0,0,0,0,0,0,1,0,0,1,890,17243
Samsung,40,240,720,4.39,3.64,4.2,4.51,4.17,4.16,4.31,4.06,0,0,0,1,0,0,0,0,0,0,0,1,0,0,865,16714
Samsung,40,240,1080,3.99,4.09,4.03,4.52,4.73,3.23,4.59,4.42,0,0,0,1,0,0,0,0,0,0,0,1,0,1,910,17169
Samsung,40,600,720,4.04,4.15,4.2,4.37,4.54,3.32,4.49,4.61,0,0,0,1,0,0,0,0,0,0,0,0,1,0,915,16883
Samsung,40,600,1080,4.32,3.88,4.08,3.92,4.17,3.51,4.22,4.22,0,0,0,1,0,0,0,0,0,0,0,0,1,1,990,16566
Samsung,42,60,720,4.23,4.22,4.37,4.21,4.62,4.29,4.54,4.14,0,0,0,0,1,0,0,0,0,0,0,0,0,0,825,24119
Samsung,42,60,1080,4.16,3.74,4.09,3.92,4.64,4.2,4.62,4.78,0,0,0,0,1,0,0,0,0,0,0,0,0,1,900,23972
Samsung,42,120,720,4.2,3.93,4.46,4.45,4.74,3.52,4.63,4.1,0,0,0,0,1,0,0,0,0,0,1,0,0,0,875,23843
Samsung,42,120,1080,4.27,4.13,4.19,4.55,4.32,3.85,4.39,3.96,0,0,0,0,1,0,0,0,0,0,1,0,0,1,965,23954
Samsung,42,240,720,4.11,3.92,4.38,3.8,4.73,3.68,4.5,3.92,0,0,0,0,1,0,0,0,0,0,0,1,0,0,910,23692
Samsung,42,240,1080,4.29,4.23,4.66,4.37,4.45,3.97,4.62,3.88,0,0,0,0,1,0,0,0,0,0,0,1,0,1,985,24097
Samsung,42,600,720,4.27,3.99,4.21,4.13,4.11,4.53,4.61,4.12,0,0,0,0,1,0,0,0,0,0,0,0,1,0,960,23800
Samsung,42,600,1080,4.2,3.84,4.5,4.1,4.24,3.64,4.42,3.84,0,0,0,0,1,0,0,0,0,0,0,0,1,1,1080,23477
Samsung,46,60,720,4.22,4.38,3.99,4.02,4.59,4.48,4.25,3.54,0,0,0,0,0,1,0,0,0,0,0,0,0,0,885,28533
Samsung,46,60,1080,4.14,4.28,4.56,4.45,4.76,3.76,4.55,3.71,0,0,0,0,0,1,0,0,0,0,0,0,0,1,945,28621
Samsung,46,120,720,4.11,4.27,3.96,4.28,4.16,3.7,4.56,4.23,0,0,0,0,0,1,0,0,0,0,1,0,0,0,905,28158
Samsung,46,120,1080,4.16,4.31,4.19,4.18,4.38,4.08,4.8,4.43,0,0,0,0,0,1,0,0,0,0,1,0,0,1,1040,28355
Samsung,46,240,720,4.3,4.4,4.13,4.28,4.27,4.11,4.19,4.46,0,0,0,0,0,1,0,0,0,0,0,1,0,0,985,28204
Samsung,46,240,1080,4.18,4.4,3.97,4.4,4.78,3.98,4.43,4.79,0,0,0,0,0,1,0,0,0,0,0,1,0,1,1090,28536
Samsung,46,600,720,4.15,4.11,3.94,4.03,4.22,3.46,4.59,3.77,0,0,0,0,0,1,0,0,0,0,0,0,1,0,1065,27728
Samsung,46,600,1080,4.1,3.96,4.33,4.04,4.67,3.69,4.48,4.51,0,0,0,0,0,1,0,0,0,0,0,0,1,1,1080,28194
Samsung,49,60,720,4.09,4.07,3.92,4.34,4.28,3.64,4.91,4.12,0,0,0,0,0,0,1,0,0,0,0,0,0,0,945,14872
Samsung,49,60,1080,4.2,4.47,3.93,4.52,4.56,3.75,4.43,3.96,0,0,0,0,0,0,1,0,0,0,0,0,0,1,1020,15449
Samsung,49,120,720,4.3,3.74,4.43,4.45,4.14,3.67,4.03,3.97,0,0,0,0,0,0,1,0,0,0,1,0,0,0,995,14644
Samsung,49,120,1080,4.32,3.93,4.2,4.18,4.7,4.03,4.65,4.37,0,0,0,0,0,0,1,0,0,0,1,0,0,1,1055,15261
Samsung,49,240,720,4.26,4.41,4.28,3.93,3.96,4.2,4.22,4.29,0,0,0,0,0,0,1,0,0,0,0,1,0,0,1060,14907
Samsung,49,240,1080,4.17,4.35,4.02,3.73,4.46,3.82,4.76,3.56,0,0,0,0,0,0,1,0,0,0,0,1,0,1,1120,15102
Samsung,49,600,720,4.16,3.95,4.16,4.01,4.48,4.07,4.58,4.41,0,0,0,0,0,0,1,0,0,0,0,0,1,0,1110,14761
Samsung,49,600,1080,4.24,4.04,4.26,4.43,4.24,4.13,4.43,4.35,0,0,0,0,0,0,1,0,0,0,0,0,1,1,1170,15010
Samsung,52,60,720,4.29,4.05,4.23,4.09,4.21,3.94,4.3,4.03,0,0,0,0,0,0,0,1,0,0,0,0,0,0,1005,14195
Samsung,52,60,1080,4.3,4.02,4.56,4.26,4.52,3.82,4.87,3.81,0,0,0,0,0,0,0,1,0,0,0,0,0,1,1080,14449
Samsung,52,120,720,3.99,3.37,4.08,4.24,4.19,3.74,4.56,3.87,0,0,0,0,0,0,0,1,0,0,1,0,0,0,1055,13657
Samsung,52,120,1080,4.2,3.97,4.17,3.76,4.39,3.55,4.4,3.73,0,0,0,0,0,0,0,1,0,0,1,0,0,1,1145,13996
Samsung,52,240,720,4.1,4.19,4.37,4.45,3.84,3.82,4.36,4.08,0,0,0,0,0,0,0,1,0,0,0,1,0,0,1105,14016
Samsung,52,240,1080,4.15,4.84,4.39,4.6,3.98,3.95,4.46,3.98,0,0,0,0,0,0,0,1,0,0,0,1,0,1,1165,14658
Samsung,52,600,720,4.37,3.66,3.81,4.19,4.39,3.84,4.75,4.01,0,0,0,0,0,0,0,1,0,0,0,0,1,0,1140,13851
Samsung,52,600,1080,4.12,3.91,4.12,4.4,4.62,3.97,4.88,4.17,0,0,0,0,0,0,0,1,0,0,0,0,1,1,1245,14157
Samsung,55,60,720,4.03,3.98,4.06,4.05,4.07,3.91,4.51,4.01,0,0,0,0,0,0,0,0,1,0,0,0,0,0,1080,12936
Samsung,55,60,1080,4.22,3.82,4.2,4.32,4.54,4.1,4.59,3.59,0,0,0,0,0,0,0,0,1,0,0,0,0,1,1155,13290
Samsung,55,120,720,4.19,3.9,4.3,4.62,4.5,3.71,4.56,3.92,0,0,0,0,0,0,0,0,1,0,1,0,0,0,1115,13163
Samsung,55,120,1080,4.16,3.52,4.29,4.46,4.28,3.86,4.17,3.94,0,0,0,0,0,0,0,0,1,0,1,0,0,1,1175,12976
Samsung,55,240,720,4.29,4.07,4.43,4.06,4.4,3.97,4.53,3.59,0,0,0,0,0,0,0,0,1,0,0,1,0,0,1180,12965
Samsung,55,240,1080,4.26,3.94,4.29,4,4.84,3.79,4.4,4.37,0,0,0,0,0,0,0,0,1,0,0,1,0,1,1270,13189
Samsung,55,600,720,4.24,4.26,4.26,4.21,4.12,3.98,4.41,3.45,0,0,0,0,0,0,0,0,1,0,0,0,1,0,1200,13188
Samsung,55,600,1080,4.17,4.12,4.39,4.15,4.5,3.37,4.47,4.23,0,0,0,0,0,0,0,0,1,0,0,0,1,1,1290,13123
Samsung,60,60,720,4.24,4.42,4.29,4.19,4.44,4.04,3.92,4.01,0,0,0,0,0,0,0,0,0,1,0,0,0,0,1125,10149
Samsung,60,60,1080,4.17,4.59,3.94,4.45,4.46,4.04,4.35,3.99,0,0,0,0,0,0,0,0,0,1,0,0,0,1,1215,10397
Samsung,60,120,720,4.22,4.14,4.22,4.24,4.4,3.9,4.65,4.29,0,0,0,0,0,0,0,0,0,1,1,0,0,0,1190,9909
Samsung,60,120,1080,4.26,3.73,3.87,4.53,4.46,3.79,4.52,4.01,0,0,0,0,0,0,0,0,0,1,1,0,0,1,1235,9931
Samsung,60,240,720,4.23,4.17,4.42,4.19,4.35,3.77,4.4,4.03,0,0,0,0,0,0,0,0,0,1,0,1,0,0,1225,9858
Samsung,60,240,1080,4.13,4.52,3.78,4.17,4.06,3.39,4.43,3.84,0,0,0,0,0,0,0,0,0,1,0,1,0,1,1285,9879
Samsung,60,600,720,4.15,4.07,4.09,4.36,4.28,4.23,4.28,4.44,0,0,0,0,0,0,0,0,0,1,0,0,1,0,1290,9789
Samsung,60,600,1080,4.1,4.22,4.22,4.29,4.45,4.09,4.36,4.4,0,0,0,0,0,0,0,0,0,1,0,0,1,1,1335,10120
Philips,19,60,720,3.33,3.44,3.92,3.51,2.64,3.47,3.59,3.16,0,0,0,0,0,0,0,0,0,0,0,0,0,0,400,15490
Philips,19,60,1080,3.58,3.32,3.48,3.78,2.63,3.22,3.56,3.3,0,0,0,0,0,0,0,0,0,0,0,0,0,1,490,15480
Philips,19,120,720,3.54,3.34,3.81,3.89,2.63,3.42,3.55,3.75,0,0,0,0,0,0,0,0,0,0,1,0,0,0,465,15391
Philips,19,120,1080,3.7,3.45,4.15,3.55,3.22,3.32,3.35,3.4,0,0,0,0,0,0,0,0,0,0,1,0,0,1,495,15808
Philips,19,240,720,3.6,3.52,4.14,4.22,2.86,3.48,3.66,3.53,0,0,0,0,0,0,0,0,0,0,0,1,0,0,530,15622
Philips,19,240,1080,3.55,3.43,3.32,4.14,2.77,2.52,3.58,3.88,0,0,0,0,0,0,0,0,0,0,0,1,0,1,605,15315
Philips,19,600,720,4.37,3.54,4.02,3.86,2.92,2.89,3.67,3.61,0,0,0,0,0,0,0,0,0,0,0,0,1,0,550,15522
Philips,19,600,1080,3.7,3.32,3.76,3.63,3.21,3.15,3.63,3.44,0,0,0,0,0,0,0,0,0,0,0,0,1,1,610,15550
Philips,26,60,720,3.75,3.44,4.04,3.97,2.85,3.3,3.3,3.73,1,0,0,0,0,0,0,0,0,0,0,0,0,0,445,16453
Philips,26,60,1080,3.89,3.36,3.95,4,2.99,3.54,3.57,4.07,1,0,0,0,0,0,0,0,0,0,0,0,0,1,535,16754
Philips,26,120,720,3.28,3.33,3.81,3.4,2.21,3.01,3.68,3.24,1,0,0,0,0,0,0,0,0,0,1,0,0,0,525,15739
Philips,26,120,1080,3.46,3.15,3.9,4.44,2.7,3.02,3.7,3.65,1,0,0,0,0,0,0,0,0,0,1,0,0,1,570,16349
Philips,26,240,720,3.94,3.49,4.08,4.18,2.58,3.11,3.57,3.16,1,0,0,0,0,0,0,0,0,0,0,1,0,0,560,16291
Philips,26,240,1080,3.91,3.6,4.12,3.52,2.71,3.41,3.65,3.03,1,0,0,0,0,0,0,0,0,0,0,1,0,1,635,16516
Philips,26,600,720,3.45,3.46,3.68,4.64,2.67,3.23,3.62,3.2,1,0,0,0,0,0,0,0,0,0,0,0,1,0,610,16353
Philips,26,600,1080,4.14,3.55,3.5,4,2.77,3.54,3.69,3.38,1,0,0,0,0,0,0,0,0,0,0,0,1,1,685,16602
Philips,32,60,720,3.78,3.42,3.77,3.61,2.75,2.97,3.8,2.81,0,1,0,0,0,0,0,0,0,0,0,0,0,0,520,17069
Philips,32,60,1080,3.84,3.29,4.21,3.77,3.1,3.32,3.51,2.92,0,1,0,0,0,0,0,0,0,0,0,0,0,1,595,17409
Philips,32,120,720,3.83,3.32,4,4.13,3.33,3.32,3.81,3.38,0,1,0,0,0,0,0,0,0,0,1,0,0,0,570,17389
Philips,32,120,1080,3.64,3.33,4.02,3.62,2.44,2.71,3.62,3.58,0,1,0,0,0,0,0,0,0,0,1,0,0,1,645,16894
Philips,32,240,720,3.25,3.52,3.77,3.91,3.43,3.29,3.52,3.64,0,1,0,0,0,0,0,0,0,0,0,1,0,0,635,17394
Philips,32,240,1080,3.76,3.36,3.67,4.02,3.28,3.72,3.52,3.53,0,1,0,0,0,0,0,0,0,0,0,1,0,1,710,17544
Philips,32,600,720,3.33,3.42,4.52,3.92,2.93,2.84,3.61,3.35,0,1,0,0,0,0,0,0,0,0,0,0,1,0,655,17009
Philips,32,600,1080,3.75,3.28,3.87,4.11,3.37,3.01,3.61,3.56,0,1,0,0,0,0,0,0,0,0,0,0,1,1,715,17392
Philips,36,60,720,3.86,3.39,3.89,3.84,2.97,2.89,3.64,4.15,0,0,1,0,0,0,0,0,0,0,0,0,0,0,565,20977
Philips,36,60,1080,3.86,3.25,3.82,3.97,2.59,3.54,3.68,3.99,0,0,1,0,0,0,0,0,0,0,0,0,0,1,640,21153
Philips,36,120,720,3.38,3.34,3.92,4.11,3.24,3.03,3.64,3.38,0,0,1,0,0,0,0,0,0,0,1,0,0,0,645,21047
Philips,36,120,1080,3.91,3.49,3.8,3.38,3.57,3.43,3.5,3.82,0,0,1,0,0,0,0,0,0,0,1,0,0,1,705,21496
Philips,36,240,720,3.44,3.58,3.59,3.47,2.67,2.71,3.53,3.21,0,0,1,0,0,0,0,0,0,0,0,1,0,0,665,20679
Philips,36,240,1080,3.88,3.46,4.05,3.73,2.6,2.65,3.52,3.51,0,0,1,0,0,0,0,0,0,0,0,1,0,1,755,20767
Philips,36,600,720,3.98,3.42,4.33,4.07,3.24,3.5,3.54,3.44,0,0,1,0,0,0,0,0,0,0,0,0,1,0,730,21325
Philips,36,600,1080,4.28,3.52,3.96,4.11,2.89,3.38,3.64,3.63,0,0,1,0,0,0,0,0,0,0,0,0,1,1,790,21403
Philips,40,60,720,3.18,3.48,3.68,3.83,2.49,3.28,3.63,3.04,0,0,0,1,0,0,0,0,0,0,0,0,0,0,640,15776
Philips,40,60,1080,4.05,3.17,3.92,4.44,3.27,3.49,3.58,3.59,0,0,0,1,0,0,0,0,0,0,0,0,0,1,730,16174
Philips,40,120,720,3.75,3.23,4.21,4.39,2.85,3.22,3.5,3.45,0,0,0,1,0,0,0,0,0,0,1,0,0,0,705,15707
Philips,40,120,1080,3.78,3.33,4.43,4,2.66,3.24,3.57,3.5,0,0,0,1,0,0,0,0,0,0,1,0,0,1,750,15915
Philips,40,240,720,3.63,3.32,3.48,5,2.73,2.94,3.66,3.09,0,0,0,1,0,0,0,0,0,0,0,1,0,0,740,15775
Philips,40,240,1080,3.87,3.25,3.93,3.94,2.75,3.2,3.59,3.28,0,0,0,1,0,0,0,0,0,0,0,1,0,1,815,15796
Philips,40,600,720,3.72,3.34,3.77,4.35,3.18,2.87,3.74,2.94,0,0,0,1,0,0,0,0,0,0,0,0,1,0,790,15767
Philips,40,600,1080,3.61,3.32,4.06,4.03,2.55,2.93,3.52,3.18,0,0,0,1,0,0,0,0,0,0,0,0,1,1,835,15643
Philips,42,60,720,3.64,3.52,3.95,3.53,3.04,3.06,3.63,3.11,0,0,0,0,1,0,0,0,0,0,0,0,0,0,715,22632
Philips,42,60,1080,3.98,3.35,3.72,4.61,3.2,3.24,3.72,3.3,0,0,0,0,1,0,0,0,0,0,0,0,0,1,775,23020
Philips,42,120,720,3.95,3.28,3.36,3.73,2.64,3.68,3.51,3.45,0,0,0,0,1,0,0,0,0,0,1,0,0,0,765,22481
Philips,42,120,1080,4.13,3.37,3.54,4.07,3,3.31,3.59,3.65,0,0,0,0,1,0,0,0,0,0,1,0,0,1,810,22955
Philips,42,240,720,3.91,3.34,3.72,4.63,2.4,3.32,3.48,3.08,0,0,0,0,1,0,0,0,0,0,0,1,0,0,800,22503
Philips,42,240,1080,3.76,3.44,3.82,4.24,3.11,3.36,3.51,3.49,0,0,0,0,1,0,0,0,0,0,0,1,0,1,875,22990
Philips,42,600,720,3.46,3.39,4.25,4.16,2.56,3.56,3.46,3.73,0,0,0,0,1,0,0,0,0,0,0,0,1,0,850,22565
Philips,42,600,1080,3.89,3.26,3.72,4.01,3.14,3.37,3.51,3.69,0,0,0,0,1,0,0,0,0,0,0,0,1,1,940,22752
Philips,46,60,720,3.71,3.47,4.01,4.12,3.03,3.22,3.64,2.92,0,0,0,0,0,1,0,0,0,0,0,0,0,0,790,27091
Philips,46,60,1080,3.87,3.37,4.17,4.62,2.78,3.07,3.58,3.62,0,0,0,0,0,1,0,0,0,0,0,0,0,1,850,27267
Philips,46,120,720,4.06,3.35,3.97,3.91,2.46,3.38,3.66,3.35,0,0,0,0,0,1,0,0,0,0,1,0,0,0,795,26874
Philips,46,120,1080,3.65,3.32,3.93,3.98,3.3,2.69,3.7,3.81,0,0,0,0,0,1,0,0,0,0,1,0,0,1,885,27222
Philips,46,240,720,3.66,3.49,3.72,3.91,2.95,3.21,3.64,3.68,0,0,0,0,0,1,0,0,0,0,0,1,0,0,890,26982
Philips,46,240,1080,3.72,3.4,4.15,3.93,3.4,3.48,3.68,3.3,0,0,0,0,0,1,0,0,0,0,0,1,0,1,935,27427
Philips,46,600,720,3.86,3.25,4.39,4,2.9,3.13,3.68,3.48,0,0,0,0,0,1,0,0,0,0,0,0,1,0,925,26683
Philips,46,600,1080,4.41,3.63,4.04,4.24,2.37,3.37,3.84,3.55,0,0,0,0,0,1,0,0,0,0,0,0,1,1,955,27194
Philips,49,60,720,3.54,3.38,3.99,4.08,3.41,3.25,3.68,2.66,0,0,0,0,0,0,1,0,0,0,0,0,0,0,835,13954
Philips,49,60,1080,4.2,3.44,3.97,3.82,2.81,3.38,3.45,3.22,0,0,0,0,0,0,1,0,0,0,0,0,0,1,895,14037
Philips,49,120,720,3.74,3.45,4.21,4.55,3.18,3.05,3.63,3.28,0,0,0,0,0,0,1,0,0,0,1,0,0,0,870,13990
Philips,49,120,1080,4.07,3.28,3.8,3.79,2.68,3.7,3.67,3.06,0,0,0,0,0,0,1,0,0,0,1,0,0,1,945,13891
Philips,49,240,720,3.82,3.53,3.75,3.95,3.08,3.32,3.69,2.73,0,0,0,0,0,0,1,0,0,0,0,1,0,0,920,14010
Philips,49,240,1080,3.64,3.44,4.06,4.07,3.15,3.24,3.68,3.65,0,0,0,0,0,0,1,0,0,0,0,1,0,1,1025,13904
Philips,49,600,720,3.72,3.42,3.81,3.55,3.2,2.84,3.55,3.22,0,0,0,0,0,0,1,0,0,0,0,0,1,0,985,13495
Philips,49,600,1080,4.09,3.55,4.17,3.75,3.05,3.14,3.6,3.75,0,0,0,0,0,0,1,0,0,0,0,0,1,1,1045,13948
Philips,52,60,720,4.18,3.43,3.46,3.66,2.89,2.77,3.63,3.11,0,0,0,0,0,0,0,1,0,0,0,0,0,0,895,12894
Philips,52,60,1080,4.09,3.24,4.3,3.25,2.94,3.11,3.62,3.69,0,0,0,0,0,0,0,1,0,0,0,0,0,1,970,13051
Philips,52,120,720,3.63,3.41,3.68,4.69,2.99,2.83,3.8,3.61,0,0,0,0,0,0,0,1,0,0,1,0,0,0,960,13063
Philips,52,120,1080,3.41,3.53,3.97,3.83,2.68,3.18,3.44,3.57,0,0,0,0,0,0,0,1,0,0,1,0,0,1,1020,13016
Philips,52,240,720,3.92,3.53,3.76,4.3,3.07,3.25,3.69,3.09,0,0,0,0,0,0,0,1,0,0,0,1,0,0,980,13274
Philips,52,240,1080,3.96,3.44,4.11,4.06,2.58,3.05,3.72,3.35,0,0,0,0,0,0,0,1,0,0,0,1,0,1,1055,12986
Philips,52,600,720,3.05,3.24,3.47,3.75,2.33,3.69,3.54,3.26,0,0,0,0,0,0,0,1,0,0,0,0,1,0,1030,12614
Philips,52,600,1080,3.81,3.52,3.58,4.04,2.95,3.61,3.65,3.11,0,0,0,0,0,0,0,1,0,0,0,0,1,1,1105,13362
Philips,55,60,720,4.43,3.4,4.39,4.17,2.96,3.62,3.59,3.27,0,0,0,0,0,0,0,0,1,0,0,0,0,0,925,12416
Philips,55,60,1080,3.74,3.43,3.61,3.71,2.97,3.38,3.5,2.91,0,0,0,0,0,0,0,0,1,0,0,0,0,1,1000,12292
Philips,55,120,720,3.61,3.54,3.69,4.41,3.43,3.43,3.61,3.35,0,0,0,0,0,0,0,0,1,0,1,0,0,0,990,12442
Philips,55,120,1080,3.5,3.45,3.92,4.41,3.27,3,3.77,3.34,0,0,0,0,0,0,0,0,1,0,1,0,0,1,1080,12348
Philips,55,240,720,3.26,3.04,3.66,4.02,3.46,3.24,3.56,3.15,0,0,0,0,0,0,0,0,1,0,0,1,0,0,1070,11768
Philips,55,240,1080,3.65,3.24,3.94,4.23,2.97,2.86,3.66,3.59,0,0,0,0,0,0,0,0,1,0,0,1,0,1,1130,11932
Philips,55,600,720,3.89,3.33,4.25,3.68,3.17,3.27,3.49,3.09,0,0,0,0,0,0,0,0,1,0,0,0,1,0,1060,12083
Philips,55,600,1080,3.5,3.28,3.92,4.22,2.72,3.54,3.51,3.33,0,0,0,0,0,0,0,0,1,0,0,0,1,1,1150,11994
Philips,60,60,720,3.88,3.43,4.42,4.01,2.83,2.87,3.48,3.56,0,0,0,0,0,0,0,0,0,1,0,0,0,0,1015,8617
Philips,60,60,1080,4.04,3.43,3.47,4.53,2.38,3.14,3.46,3.46,0,0,0,0,0,0,0,0,0,1,0,0,0,1,1090,8742
Philips,60,120,720,3.62,3.34,3.81,3.76,2.92,2.76,3.51,2.68,0,0,0,0,0,0,0,0,0,1,1,0,0,0,1080,8397
Philips,60,120,1080,3.95,3.53,3.64,4.65,3.18,3.38,3.51,3.17,0,0,0,0,0,0,0,0,0,1,1,0,0,1,1110,9389
Philips,60,240,720,3.97,3.33,4.01,4.06,2.58,3.57,3.56,3.28,0,0,0,0,0,0,0,0,0,1,0,1,0,0,1085,8682
Philips,60,240,1080,3.79,3.38,3.52,4.18,2.83,3.54,3.44,3.23,0,0,0,0,0,0,0,0,0,1,0,1,0,1,1190,8910
Philips,60,600,720,4.39,3.34,3.37,4.48,2.68,2.89,3.55,2.99,0,0,0,0,0,0,0,0,0,1,0,0,1,0,1180,8476
Philips,60,600,1080,3.42,3.32,3.78,4.38,2.66,2.99,3.52,3.39,0,0,0,0,0,0,0,0,0,1,0,0,1,1,1225,8561
Vizio,19,60,720,3.06,3.09,3.16,2.88,3.12,3.49,3.53,2.12,0,0,0,0,0,0,0,0,0,0,0,0,0,0,350,15331
Vizio,19,60,1080,3.34,3.19,2.67,3.25,3.74,3.22,3.24,3,0,0,0,0,0,0,0,0,0,0,0,0,0,1,440,15873
Vizio,19,120,720,2.95,3.09,2.5,2.82,4.07,3.29,4.09,3.83,0,0,0,0,0,0,0,0,0,0,1,0,0,0,400,15675
Vizio,19,120,1080,2.46,3.31,2.44,3.03,3.28,2.76,3.4,3.4,0,0,0,0,0,0,0,0,0,0,1,0,0,1,460,15458
Vizio,19,240,720,2.97,3.13,3.11,3.11,3.02,3.04,3.27,3.52,0,0,0,0,0,0,0,0,0,0,0,1,0,0,465,15096
Vizio,19,240,1080,3.77,3.05,3.78,2.95,3.01,3.32,3.1,3.16,0,0,0,0,0,0,0,0,0,0,0,1,0,1,540,15306
Vizio,19,600,720,3.06,3.11,3.08,2.96,3.1,3.43,3.01,3.05,0,0,0,0,0,0,0,0,0,0,0,0,1,0,515,15160
Vizio,19,600,1080,3.61,3.03,3.2,3.08,3.52,3.32,3.71,3.48,0,0,0,0,0,0,0,0,0,0,0,0,1,1,560,15642
Vizio,26,60,720,3.44,2.95,3.06,2.98,3.13,3.14,3.47,4.13,1,0,0,0,0,0,0,0,0,0,0,0,0,0,410,16101
Vizio,26,60,1080,2.96,3.13,3.09,2.75,4.01,3.93,3.92,3.09,1,0,0,0,0,0,0,0,0,0,0,0,0,1,485,16906
Vizio,26,120,720,3.97,3.12,3.95,3.37,3.06,3.32,3.58,3.77,1,0,0,0,0,0,0,0,0,0,1,0,0,0,475,16316
Vizio,26,120,1080,3.55,3.17,2.69,2.87,2.91,3.09,3.52,2.98,1,0,0,0,0,0,0,0,0,0,1,0,0,1,520,16289
Vizio,26,240,720,3.56,3.02,2.94,3.46,3.42,3.1,2.91,3.03,1,0,0,0,0,0,0,0,0,0,0,1,0,0,525,16132
Vizio,26,240,1080,2.84,3.02,2.73,3.05,3.29,3.37,3.29,3.46,1,0,0,0,0,0,0,0,0,0,0,1,0,1,585,16232
Vizio,26,600,720,2.94,3.05,3.29,3.06,3.39,3.77,3.64,2.84,1,0,0,0,0,0,0,0,0,0,0,0,1,0,545,16362
Vizio,26,600,1080,3.46,3,3.1,3.54,2.36,3.23,3.43,3.58,1,0,0,0,0,0,0,0,0,0,0,0,1,1,650,15808
Vizio,32,60,720,3.68,3.37,2.87,3.23,3.14,3.75,4.11,2.53,0,1,0,0,0,0,0,0,0,0,0,0,0,0,485,17488
Vizio,32,60,1080,3.19,3.14,3.3,3.03,2.47,3.49,2.87,2.23,0,1,0,0,0,0,0,0,0,0,0,0,0,1,545,16894
Vizio,32,120,720,3.88,3.03,2.6,2.9,3.27,3.17,3.53,3.14,0,1,0,0,0,0,0,0,0,0,1,0,0,0,505,16999
Vizio,32,120,1080,3.15,3.14,3.05,2.99,3.51,3.07,3.65,3.33,0,1,0,0,0,0,0,0,0,0,1,0,0,1,595,17233
Vizio,32,240,720,3.49,3.22,3.08,3.27,3.67,3.47,3.31,3.71,0,1,0,0,0,0,0,0,0,0,0,1,0,0,585,17274
Vizio,32,240,1080,3.2,3.17,3.63,3.4,3.5,3.36,3.64,3.25,0,1,0,0,0,0,0,0,0,0,0,1,0,1,645,17453
Vizio,32,600,720,3.64,3.19,3.22,3.16,3.39,3.04,4.26,3.58,0,1,0,0,0,0,0,0,0,0,0,0,1,0,620,17143
Vizio,32,600,1080,3.07,3.15,3.01,3,3.51,3.08,3.18,3.3,0,1,0,0,0,0,0,0,0,0,0,0,1,1,680,17153
Vizio,36,60,720,3.19,2.95,2.46,3.25,3.18,3.62,3.46,3.47,0,0,1,0,0,0,0,0,0,0,0,0,0,0,515,20931
Vizio,36,60,1080,2.6,3.02,2.41,3.35,3.18,3.61,3.03,2.81,0,0,1,0,0,0,0,0,0,0,0,0,0,1,605,20941
Vizio,36,120,720,3.32,3.21,3.24,3.02,3.61,3.28,3.89,3.17,0,0,1,0,0,0,0,0,0,0,1,0,0,0,595,21049
Vizio,36,120,1080,3.24,3.08,2.72,3.58,3.63,3.73,3.12,2.96,0,0,1,0,0,0,0,0,0,0,1,0,0,1,655,21286
Vizio,36,240,720,3.41,3.13,2.9,3.04,3.01,3.26,3.26,3.11,0,0,1,0,0,0,0,0,0,0,0,1,0,0,615,20715
Vizio,36,240,1080,3.34,3.16,2.65,3.42,2.48,3.35,4.17,4.12,0,0,1,0,0,0,0,0,0,0,0,1,0,1,705,20925
Vizio,36,600,720,2.93,3,3.07,3.44,2.28,3.89,3.93,2.64,0,0,1,0,0,0,0,0,0,0,0,0,1,0,680,20564
Vizio,36,600,1080,3.47,3.12,3.09,3.17,2.55,3.18,3.3,3.21,0,0,1,0,0,0,0,0,0,0,0,0,1,1,740,20649
Vizio,40,60,720,4.24,3.06,3.7,3.12,2.8,2.58,4.01,3.07,0,0,0,1,0,0,0,0,0,0,0,0,0,0,590,15534
Vizio,40,60,1080,2.94,2.95,3.73,3.41,3.38,2.88,3.34,3.35,0,0,0,1,0,0,0,0,0,0,0,0,0,1,680,15821
Vizio,40,120,720,3.57,3.14,3.42,2.61,2.89,3.52,3.64,3.92,0,0,0,1,0,0,0,0,0,0,1,0,0,0,640,15632
Vizio,40,120,1080,2.97,3.02,3.43,3.16,3.17,3.31,4.33,3.56,0,0,0,1,0,0,0,0,0,0,1,0,0,1,700,15900
Vizio,40,240,720,2.84,3.05,2.53,3.17,3.35,4.5,4.5,2.94,0,0,0,1,0,0,0,0,0,0,0,1,0,0,675,16065
Vizio,40,240,1080,2.75,2.97,3.51,3.26,2.65,2.83,3.42,2.63,0,0,0,1,0,0,0,0,0,0,0,1,0,1,750,15279
Vizio,40,600,720,3.43,3.04,2.62,2.88,2.86,3.3,3.59,3.54,0,0,0,1,0,0,0,0,0,0,0,0,1,0,740,15297
Vizio,40,600,1080,3.21,3.14,2.36,2.73,2.9,3.42,4.02,2.8,0,0,0,1,0,0,0,0,0,0,0,0,1,1,800,15609
Vizio,42,60,720,3.55,3.26,4.27,2.36,2.88,2.85,3.84,2.91,0,0,0,0,1,0,0,0,0,0,0,0,0,0,650,22295
Vizio,42,60,1080,3.12,2.99,3.13,3.31,3.02,3.83,3.51,3.39,0,0,0,0,1,0,0,0,0,0,0,0,0,1,725,22791
Vizio,42,120,720,2.73,3.13,2.73,3.47,3.51,3.7,3.52,2.59,0,0,0,0,1,0,0,0,0,0,1,0,0,0,700,22796
Vizio,42,120,1080,3.12,3.15,3,3.02,3,4.02,3.29,3.82,0,0,0,0,1,0,0,0,0,0,1,0,0,1,775,22732
Vizio,42,240,720,3.17,3.2,3.03,3.86,3.48,3.68,2.69,3.24,0,0,0,0,1,0,0,0,0,0,0,1,0,0,735,22827
Vizio,42,240,1080,3.44,3.23,2.17,2.96,3.34,1.98,3.54,3.11,0,0,0,0,1,0,0,0,0,0,0,1,0,1,810,22212
Vizio,42,600,720,2.72,2.99,2.71,2.76,3.28,3.01,3.12,3.52,0,0,0,0,1,0,0,0,0,0,0,0,1,0,785,22163
Vizio,42,600,1080,2.46,3.11,3.21,3.11,3.59,3.52,3.51,3.52,0,0,0,0,1,0,0,0,0,0,0,0,1,1,890,22674
Vizio,46,60,720,3.38,3.22,3.01,3.18,4.06,3.07,4.59,3.1,0,0,0,0,0,1,0,0,0,0,0,0,0,0,725,27326
Vizio,46,60,1080,2.89,3.15,2.33,3.35,3.79,3.51,3.61,3.64,0,0,0,0,0,1,0,0,0,0,0,0,0,1,785,27428
Vizio,46,120,720,3,3.24,2.8,3.19,2.57,3.37,4.2,3.35,0,0,0,0,0,1,0,0,0,0,1,0,0,0,745,26754
Vizio,46,120,1080,3.42,3.22,2.94,2.92,3.41,3.18,3.16,3.64,0,0,0,0,0,1,0,0,0,0,1,0,0,1,850,26991
Vizio,46,240,720,3.21,3.33,3.03,2.69,2.7,3.43,4.11,3.31,0,0,0,0,0,1,0,0,0,0,0,1,0,0,825,26641
Vizio,46,240,1080,3.27,2.84,2.33,2.97,2.4,3.61,2.93,3.12,0,0,0,0,0,1,0,0,0,0,0,1,0,1,900,26325
Vizio,46,600,720,3.67,3.07,3.1,2.74,2.72,3.86,3.49,3.9,0,0,0,0,0,1,0,0,0,0,0,0,1,0,875,26559
Vizio,46,600,1080,3.63,3.07,3.61,3.37,2.33,3.04,3.72,2.89,0,0,0,0,0,1,0,0,0,0,0,0,1,1,920,26530
Vizio,49,60,720,3.2,2.96,2.36,3.12,2.75,3.17,3.85,3.45,0,0,0,0,0,0,1,0,0,0,0,0,0,0,770,13311
Vizio,49,60,1080,2.99,3.05,3.18,2.59,3.74,3.11,3.55,4.01,0,0,0,0,0,0,1,0,0,0,0,0,0,1,845,13788
Vizio,49,120,720,2.72,3.24,3.54,3.26,3.01,3.74,3.17,3.03,0,0,0,0,0,0,1,0,0,0,1,0,0,0,820,13624
Vizio,49,120,1080,3.33,3.11,3.15,2.87,4.27,4.03,3.11,3.45,0,0,0,0,0,0,1,0,0,0,1,0,0,1,895,14468
Vizio,49,240,720,4.13,3.2,3.24,3.56,3.36,3.82,3.31,3.33,0,0,0,0,0,0,1,0,0,0,0,1,0,0,870,13967
Vizio,49,240,1080,3.62,3.26,2.81,3.17,3.6,3.94,3.19,3.06,0,0,0,0,0,0,1,0,0,0,0,1,0,1,960,14258
Vizio,49,600,720,3.29,3.07,2.93,3.22,3.14,3.5,3.37,3.2,0,0,0,0,0,0,1,0,0,0,0,0,1,0,935,13550
Vizio,49,600,1080,2.76,3.06,2.54,2.91,3.09,3.08,3.22,3.45,0,0,0,0,0,0,1,0,0,0,0,0,1,1,995,13252
Vizio,52,60,720,2.71,2.97,2.95,3.31,2.89,3.67,4.1,4.13,0,0,0,0,0,0,0,1,0,0,0,0,0,0,845,12850
Vizio,52,60,1080,2.99,3.07,2.78,3.17,3.26,4.09,3.71,3.55,0,0,0,0,0,0,0,1,0,0,0,0,0,1,905,13364
Vizio,52,120,720,1.7,3.03,2.74,3.21,2.61,3.6,3.71,3.1,0,0,0,0,0,0,0,1,0,0,1,0,0,0,895,12426
Vizio,52,120,1080,3.37,3.08,3.58,3.05,2.86,3.77,3.26,2.41,0,0,0,0,0,0,0,1,0,0,1,0,0,1,970,12977
Vizio,52,240,720,3.7,3.08,2.95,3.34,2.77,2.78,3.71,3.3,0,0,0,0,0,0,0,1,0,0,0,1,0,0,930,12555
Vizio,52,240,1080,3.24,3.03,3.25,2.42,3.27,3.63,3.73,3.3,0,0,0,0,0,0,0,1,0,0,0,1,0,1,1005,12952
Vizio,52,600,720,3.07,2.99,3.15,3.2,3.81,3.34,3.23,2.88,0,0,0,0,0,0,0,1,0,0,0,0,1,0,980,13040
Vizio,52,600,1080,3.74,3.06,2.59,3.46,4.06,3.62,3.12,3.6,0,0,0,0,0,0,0,1,0,0,0,0,1,1,1055,13476
Vizio,55,60,720,3.03,3.1,2.24,3.09,2.5,3.91,2.83,3.36,0,0,0,0,0,0,0,0,1,0,0,0,0,0,890,11684
Vizio,55,60,1080,2.97,3.01,2.43,3.32,3.34,3.14,3.95,3.43,0,0,0,0,0,0,0,0,1,0,0,0,0,1,965,12004
Vizio,55,120,720,3.57,3.14,3.11,2.97,2.94,4,3.2,3.01,0,0,0,0,0,0,0,0,1,0,1,0,0,0,940,11902
Vizio,55,120,1080,3.2,3.09,2.88,3.2,2.77,3.02,3.62,2.93,0,0,0,0,0,0,0,0,1,0,1,0,0,1,1015,11710
Vizio,55,240,720,2.95,3.07,3.3,2.97,3.24,3.42,3.63,3.01,0,0,0,0,0,0,0,0,1,0,0,1,0,0,1005,11737
Vizio,55,240,1080,3.54,3.19,2.85,3.49,3.01,3.52,3.64,2.76,0,0,0,0,0,0,0,0,1,0,0,1,0,1,1080,12121
Vizio,55,600,720,3.01,3.33,2.47,3.29,3.22,3.83,3.34,2.99,0,0,0,0,0,0,0,0,1,0,0,0,1,0,1025,12000
Vizio,55,600,1080,3.8,3.18,3.04,3.56,3.51,3.27,3.51,3.49,0,0,0,0,0,0,0,0,1,0,0,0,1,1,1115,12217
Vizio,60,60,720,2.95,3.16,3.44,3.14,2.83,3.03,3.48,2.3,0,0,0,0,0,0,0,0,0,1,0,0,0,0,965,8264
Vizio,60,60,1080,2.96,3.1,3.11,3.13,3.14,3.97,4.14,2.49,0,0,0,0,0,0,0,0,0,1,0,0,0,1,1025,9041
Vizio,60,120,720,2.95,3.11,2.93,3.24,2.52,3.55,3.14,3.21,0,0,0,0,0,0,0,0,0,1,1,0,0,0,1015,8301
Vizio,60,120,1080,3.34,3.16,2.83,3.58,3.05,2.63,3.52,3.33,0,0,0,0,0,0,0,0,0,1,1,0,0,1,1060,8693
Vizio,60,240,720,3.72,3.04,3.51,2.43,3.6,3.53,4.03,2.82,0,0,0,0,0,0,0,0,0,1,0,1,0,0,1050,8726
Vizio,60,240,1080,3.35,2.95,3.37,2.65,2.5,2.72,3.77,3.41,0,0,0,0,0,0,0,0,0,1,0,1,0,1,1125,8077
Vizio,60,600,720,3.51,3.14,2.83,3.53,3.36,3.72,3.16,3.7,0,0,0,0,0,0,0,0,0,1,0,0,1,0,1115,8817
Vizio,60,600,1080,3.7,3.03,2.46,3.72,2.66,3.95,3.92,3.47,0,0,0,0,0,0,0,0,0,1,0,0,1,1,1175,8728
Sharp,19,60,720,3.37,3.65,3.19,3.11,3.42,3.42,3.37,3.35,0,0,0,0,0,0,0,0,0,0,0,0,0,0,365,15883
Sharp,19,60,1080,3.66,3.37,3.64,3.6,3.57,3.05,3.44,3.07,0,0,0,0,0,0,0,0,0,0,0,0,0,1,470,15774
Sharp,19,120,720,3.42,2.88,2.99,3,3.45,3.39,3.08,3.06,0,0,0,0,0,0,0,0,0,0,1,0,0,0,430,15230
Sharp,19,120,1080,3.54,3.83,3.83,3.78,3.48,3.3,3.44,2.85,0,0,0,0,0,0,0,0,0,0,1,0,0,1,475,16257
Sharp,19,240,720,3.37,3.35,3.83,3.36,3.48,3.32,2.95,3.55,0,0,0,0,0,0,0,0,0,0,0,1,0,0,495,15500
Sharp,19,240,1080,3.03,3.61,3.66,3.74,3.83,3.1,3.37,2.93,0,0,0,0,0,0,0,0,0,0,0,1,0,1,555,15918
Sharp,19,600,720,3.11,3.81,3.23,3.05,2.3,3.16,3.45,2.62,0,0,0,0,0,0,0,0,0,0,0,0,1,0,530,15143
Sharp,19,600,1080,3.25,3.2,4.11,3.76,3.4,3.16,3.32,2.95,0,0,0,0,0,0,0,0,0,0,0,0,1,1,575,15685
Sharp,26,60,720,3.31,3.9,4,3.34,3.3,3.16,3.5,3.64,1,0,0,0,0,0,0,0,0,0,0,0,0,0,440,16784
Sharp,26,60,1080,3.52,3.74,3.32,3.42,3.21,2.76,3.67,3.28,1,0,0,0,0,0,0,0,0,0,0,0,0,1,500,16732
Sharp,26,120,720,3.23,3.56,3.07,3.34,3.46,3.19,2.92,3.09,1,0,0,0,0,0,0,0,0,0,1,0,0,0,520,16308
Sharp,26,120,1080,3.27,3.41,4,3.72,3.61,2.84,2.96,3.26,1,0,0,0,0,0,0,0,0,0,1,0,0,1,535,16690
Sharp,26,240,720,3.45,3.88,3.84,4.17,3.29,3.24,3.21,3.32,1,0,0,0,0,0,0,0,0,0,0,1,0,0,540,16813
Sharp,26,240,1080,3.29,3.65,3.61,3.81,3.41,2.85,3.53,3.33,1,0,0,0,0,0,0,0,0,0,0,1,0,1,600,16759
Sharp,26,600,720,3.15,3.68,3.7,3.46,2.74,3.61,3.5,3.15,1,0,0,0,0,0,0,0,0,0,0,0,1,0,575,16434
Sharp,26,600,1080,3.29,4.33,3.88,3.15,2.95,3.45,3.29,3.89,1,0,0,0,0,0,0,0,0,0,0,0,1,1,695,16726
Sharp,32,60,720,3.26,3.69,3.43,3.48,3.25,3.04,3.57,3.52,0,1,0,0,0,0,0,0,0,0,0,0,0,0,500,17296
Sharp,32,60,1080,3.54,3.87,4.22,3.05,3.33,3.82,4.02,2.46,0,1,0,0,0,0,0,0,0,0,0,0,0,1,575,17865
Sharp,32,120,720,3.44,3.5,3.74,3.42,2.97,3.54,3.08,2.91,0,1,0,0,0,0,0,0,0,0,1,0,0,0,535,17312
Sharp,32,120,1080,3.51,4.06,3.29,3.83,2.93,3.46,3.15,3.19,0,1,0,0,0,0,0,0,0,0,1,0,0,1,610,17755
Sharp,32,240,720,3.31,3.49,3.4,3.42,3.65,2.58,2.85,3.35,0,1,0,0,0,0,0,0,0,0,0,1,0,0,600,17098
Sharp,32,240,1080,3.82,3.22,4.2,3.93,3.45,2.82,3.44,3.11,0,1,0,0,0,0,0,0,0,0,0,1,0,1,690,17261
Sharp,32,600,720,3.42,3.52,3.34,3.25,3.95,2.99,3.64,3.19,0,1,0,0,0,0,0,0,0,0,0,0,1,0,665,17316
Sharp,32,600,1080,3.22,3.01,3.18,3.63,3.62,3.1,3.29,3.1,0,1,0,0,0,0,0,0,0,0,0,0,1,1,695,17220
Sharp,36,60,720,3.14,3.9,4.06,3.58,2.93,2.81,3.73,2.81,0,0,1,0,0,0,0,0,0,0,0,0,0,0,545,21237
Sharp,36,60,1080,3.42,3.16,3.73,2.89,2.51,3.4,3.33,3.84,0,0,1,0,0,0,0,0,0,0,0,0,0,1,635,20731
Sharp,36,120,720,3.32,3.6,4.48,3.24,3.46,3.04,3.47,3.14,0,0,1,0,0,0,0,0,0,0,1,0,0,0,640,21111
Sharp,36,120,1080,3.13,3.79,3.49,3.85,3.31,3.15,3.7,3.9,0,0,1,0,0,0,0,0,0,0,1,0,0,1,670,21598
Sharp,36,240,720,3.31,3.66,3.86,2.99,3.62,3.04,3.58,2.93,0,0,1,0,0,0,0,0,0,0,0,1,0,0,630,21246
Sharp,36,240,1080,3.07,3.63,3.59,3.39,3.77,3.17,3.49,3.12,0,0,1,0,0,0,0,0,0,0,0,1,0,1,735,21411
Sharp,36,600,720,3.54,3.26,3.77,3.06,3.32,3.61,3.83,2.81,0,0,1,0,0,0,0,0,0,0,0,0,1,0,710,20937
Sharp,36,600,1080,3.79,3.5,2.96,3.06,3.46,2.65,3.13,2.94,0,0,1,0,0,0,0,0,0,0,0,0,1,1,755,21033
Sharp,40,60,720,3.55,3.8,3.7,3.08,3.11,2.91,3.26,3.47,0,0,0,1,0,0,0,0,0,0,0,0,0,0,620,15917
Sharp,40,60,1080,3.34,3.29,3.91,3.78,3.88,3.06,3.49,3.43,0,0,0,1,0,0,0,0,0,0,0,0,0,1,725,16146
Sharp,40,120,720,3.67,3.15,3.6,3.45,3.42,3.37,3.29,2.94,0,0,0,1,0,0,0,0,0,0,1,0,0,0,685,15827
Sharp,40,120,1080,3.46,3.31,3.46,3.6,3.19,2.89,3.23,3.25,0,0,0,1,0,0,0,0,0,0,1,0,0,1,715,15916
Sharp,40,240,720,2.96,3.78,3.61,3.23,3.22,3.04,3.62,3.07,0,0,0,1,0,0,0,0,0,0,0,1,0,0,705,16022
Sharp,40,240,1080,3.37,3.44,2.76,3.4,4.13,3.41,3.25,3.45,0,0,0,1,0,0,0,0,0,0,0,1,0,1,795,16354
Sharp,40,600,720,3.42,3.59,4.1,3.78,3.6,2.83,3.52,2.97,0,0,0,1,0,0,0,0,0,0,0,0,1,0,770,16032
Sharp,40,600,1080,3.51,3,3.74,2.94,3.57,3.51,3.34,3.67,0,0,0,1,0,0,0,0,0,0,0,0,1,1,845,15787
Sharp,42,60,720,3.37,3.29,3.82,3.15,3.53,3.3,3.27,2.73,0,0,0,0,1,0,0,0,0,0,0,0,0,0,695,22636
Sharp,42,60,1080,3.63,3.31,3.86,3.86,3.58,3.37,3.54,3.29,0,0,0,0,1,0,0,0,0,0,0,0,0,1,755,23088
Sharp,42,120,720,3.13,3.14,3.71,4.13,3.59,3.2,3.49,2.75,0,0,0,0,1,0,0,0,0,0,1,0,0,0,745,22754
Sharp,42,120,1080,3.89,3.87,4.17,3.1,3.4,2.9,2.81,2.98,0,0,0,0,1,0,0,0,0,0,1,0,0,1,790,23129
Sharp,42,240,720,3.67,3.83,3.15,3.63,4.08,2.72,3.3,2.88,0,0,0,0,1,0,0,0,0,0,0,1,0,0,750,23237
Sharp,42,240,1080,3.35,3.05,3.57,2.95,3.3,3.25,3.08,3.66,0,0,0,0,1,0,0,0,0,0,0,1,0,1,840,22543
Sharp,42,600,720,3.46,3.59,4.03,3.71,3.06,3.41,3.43,3.15,0,0,0,0,1,0,0,0,0,0,0,0,1,0,830,22742
Sharp,42,600,1080,3.23,3.23,3.59,3.5,3.23,3.42,3.18,3.3,0,0,0,0,1,0,0,0,0,0,0,0,1,1,935,22557
Sharp,46,60,720,3.21,3.47,3.86,3.04,3.87,3.17,3.4,2.77,0,0,0,0,0,1,0,0,0,0,0,0,0,0,740,27225
Sharp,46,60,1080,3.42,3.53,2.95,3.65,3.71,3.69,3.78,2.91,0,0,0,0,0,1,0,0,0,0,0,0,0,1,815,27602
Sharp,46,120,720,3.6,4.03,3.74,3.96,3.87,3.26,3.91,3.3,0,0,0,0,0,1,0,0,0,0,1,0,0,0,775,27932
Sharp,46,120,1080,3.59,3.63,4.03,3.39,3.31,3.08,3.64,3.17,0,0,0,0,0,1,0,0,0,0,1,0,0,1,880,27242
Sharp,46,240,720,3.83,3.32,2.7,3.09,3.46,3.23,2.92,3.4,0,0,0,0,0,1,0,0,0,0,0,1,0,0,840,26720
Sharp,46,240,1080,3.33,3.77,3.51,3,2.67,3.02,3.84,3.55,0,0,0,0,0,1,0,0,0,0,0,1,0,1,945,26929
Sharp,46,600,720,3.36,3.78,3.1,2.95,3.78,3.41,3.72,2.92,0,0,0,0,0,1,0,0,0,0,0,0,1,0,905,27241
Sharp,46,600,1080,2.85,3.56,3.19,3.61,3.36,3.67,3.48,2.91,0,0,0,0,0,1,0,0,0,0,0,0,1,1,935,27350
Sharp,49,60,720,3.34,4.19,3.84,3.59,3.42,3.51,4.13,3.34,0,0,0,0,0,0,1,0,0,0,0,0,0,0,785,14649
Sharp,49,60,1080,3.43,3.47,4.04,3.14,3.81,3.27,3.26,3.16,0,0,0,0,0,0,1,0,0,0,0,0,0,1,860,14301
Sharp,49,120,720,3.41,3.38,3.52,3.75,3.29,2.79,3.94,3.2,0,0,0,0,0,0,1,0,0,0,1,0,0,0,835,13850
Sharp,49,120,1080,3.27,3.68,3.39,3.02,3.57,3.01,3.07,2.93,0,0,0,0,0,0,1,0,0,0,1,0,0,1,925,14029
Sharp,49,240,720,3.14,3.13,4.32,4.04,3.11,3.32,3.28,2.92,0,0,0,0,0,0,1,0,0,0,0,1,0,0,885,13719
Sharp,49,240,1080,3.32,3.4,3.57,2.6,3.19,3.18,3.05,3.33,0,0,0,0,0,0,1,0,0,0,0,1,0,1,990,13532
Sharp,49,600,720,3.84,3.36,3.75,3.34,3.62,3.61,3.57,3.67,0,0,0,0,0,0,1,0,0,0,0,0,1,0,965,13991
Sharp,49,600,1080,3.21,3.93,3.46,3.75,3.32,3.4,3.51,3.1,0,0,0,0,0,0,1,0,0,0,0,0,1,1,1010,14347
Sharp,52,60,720,3.4,3.73,3.8,3.45,2.77,2.77,3.2,3.53,0,0,0,0,0,0,0,1,0,0,0,0,0,0,875,12928
Sharp,52,60,1080,3.17,3.7,3.11,3.47,3.18,3.39,2.98,3.61,0,0,0,0,0,0,0,1,0,0,0,0,0,1,935,13456
Sharp,52,120,720,3.63,3.8,3.61,3.25,4.56,3.4,2.59,3.52,0,0,0,0,0,0,0,1,0,0,1,0,0,0,910,14017
Sharp,52,120,1080,3.56,3.79,3.25,4.24,3.6,3.73,3.11,3.65,0,0,0,0,0,0,0,1,0,0,1,0,0,1,985,13860
Sharp,52,240,720,3.43,3.53,3.52,3.27,3.49,3.23,2.97,3.31,0,0,0,0,0,0,0,1,0,0,0,1,0,0,945,13136
Sharp,52,240,1080,3.39,3.1,3.88,3.73,3.24,3.28,3.6,2.72,0,0,0,0,0,0,0,1,0,0,0,1,0,1,1050,12975
Sharp,52,600,720,3.7,3.02,4.38,3.93,2.67,2.73,3.72,2.95,0,0,0,0,0,0,0,1,0,0,0,0,1,0,995,12559
Sharp,52,600,1080,3.52,3.53,3.42,3.31,3.45,3.06,2.8,3.15,0,0,0,0,0,0,0,1,0,0,0,0,1,1,1085,13133
Sharp,55,60,720,3.4,4.02,3.81,4.03,2.17,2.75,2.88,2.76,0,0,0,0,0,0,0,0,1,0,0,0,0,0,920,11905
Sharp,55,60,1080,3.43,3.77,3.42,3.63,3.03,3.16,3.26,3.04,0,0,0,0,0,0,0,0,1,0,0,0,0,1,995,12325
Sharp,55,120,720,3.71,3.83,3.64,2.85,2.82,2.97,3.68,3.58,0,0,0,0,0,0,0,0,1,0,1,0,0,0,955,11957
Sharp,55,120,1080,3.5,4.06,4.71,3.26,3.31,2.81,3.78,2.97,0,0,0,0,0,0,0,0,1,0,1,0,0,1,1045,12591
Sharp,55,240,720,3.45,3.37,3.67,3.39,3.83,3.2,3.84,3.26,0,0,0,0,0,0,0,0,1,0,0,1,0,0,1020,12310
Sharp,55,240,1080,3.51,3.33,3.36,3.71,3.61,2.95,3.28,3.28,0,0,0,0,0,0,0,0,1,0,0,1,0,1,1110,12087
Sharp,55,600,720,3.38,3.85,4,3.74,3.22,3.58,3.2,3.75,0,0,0,0,0,0,0,0,1,0,0,0,1,0,1055,12403
Sharp,55,600,1080,3.2,3.3,3.97,3.73,2.75,3.87,3.09,3.12,0,0,0,0,0,0,0,0,1,0,0,0,1,1,1160,11928
Sharp,60,60,720,3.47,4.18,2.99,2.87,3.19,3.25,3.57,3.39,0,0,0,0,0,0,0,0,0,1,0,0,0,0,995,9101
Sharp,60,60,1080,3.08,3.79,3.34,2.84,2.93,3.28,3.63,2.83,0,0,0,0,0,0,0,0,0,1,0,0,0,1,1055,8859
Sharp,60,120,720,3.26,3.33,3.42,3.99,3.57,2.61,2.94,2.94,0,0,0,0,0,0,0,0,0,1,1,0,0,0,1060,8593
Sharp,60,120,1080,3.61,3.41,3.5,3.78,3.17,3.65,3.36,3.3,0,0,0,0,0,0,0,0,0,1,1,0,0,1,1090,9150
Sharp,60,240,720,3.26,3.68,3.64,3.61,3.97,3.01,3.24,3.36,0,0,0,0,0,0,0,0,0,1,0,1,0,0,1095,9091
Sharp,60,240,1080,3.45,3.73,3.38,4.07,3.35,3.32,3.58,3.06,0,0,0,0,0,0,0,0,0,1,0,1,0,1,1155,9268
Sharp,60,600,720,3.36,3.87,3.77,4.19,2.79,3.14,3.74,3.28,0,0,0,0,0,0,0,0,0,1,0,0,1,0,1160,8823
Sharp,60,600,1080,3.46,3.62,3.79,3.14,3.43,3.3,3.76,3,0,0,0,0,0,0,0,0,0,1,0,0,1,1,1205,9021
Toshiba,19,60,720,3.43,3.24,3.42,3.36,3.06,3.61,3.73,3.92,0,0,0,0,0,0,0,0,0,0,0,0,0,0,375,15623
Toshiba,19,60,1080,2.92,3.3,2.87,3.36,3.47,3.56,3.4,3.3,0,0,0,0,0,0,0,0,0,0,0,0,0,1,480,15670
Toshiba,19,120,720,3.3,2.78,3.04,3.56,3.3,3.71,3.51,3.22,0,0,0,0,0,0,0,0,0,0,1,0,0,0,425,15461
Toshiba,19,120,1080,3.34,2.5,2.94,3.29,3.86,3.34,3.92,3.73,0,0,0,0,0,0,0,0,0,0,1,0,0,1,500,15513
Toshiba,19,240,720,3.77,3.28,2.97,3.36,3.48,3.51,3.57,3.5,0,0,0,0,0,0,0,0,0,0,0,1,0,0,505,15455
Toshiba,19,240,1080,2.76,3.07,2.77,3.77,2.95,3.38,3.49,3.41,0,0,0,0,0,0,0,0,0,0,0,1,0,1,550,15310
Toshiba,19,600,720,3.29,3.09,3.33,3.43,3.58,3.53,3.64,3.44,0,0,0,0,0,0,0,0,0,0,0,0,1,0,540,15539
Toshiba,19,600,1080,2.51,2.98,3.12,3.59,3,3.34,3.55,3.18,0,0,0,0,0,0,0,0,0,0,0,0,1,1,600,15245
Toshiba,26,60,720,3.25,3.01,3.07,3.4,3.48,3.71,3.26,3.71,1,0,0,0,0,0,0,0,0,0,0,0,0,0,435,16353
Toshiba,26,60,1080,3.51,3.67,3.12,3.19,4.38,2.93,3.65,3.26,1,0,0,0,0,0,0,0,0,0,0,0,0,1,510,17203
Toshiba,26,120,720,2.77,3.05,2.96,3.4,3.22,4.11,3.5,3.73,1,0,0,0,0,0,0,0,0,0,1,0,0,0,485,16369
Toshiba,26,120,1080,3.12,3.25,3.03,3.39,3.48,3.32,3.48,3.25,1,0,0,0,0,0,0,0,0,0,1,0,0,1,545,16480
Toshiba,26,240,720,3.69,2.45,3.28,3.54,3.86,3.03,3.65,3.84,1,0,0,0,0,0,0,0,0,0,0,1,0,0,535,16072
Toshiba,26,240,1080,3.86,2.65,3.09,3.4,2.99,3.06,3.54,3.49,1,0,0,0,0,0,0,0,0,0,0,1,0,1,610,15894
Toshiba,26,600,720,3.2,2.87,3.2,3.7,3.9,3.39,3.39,2.47,1,0,0,0,0,0,0,0,0,0,0,0,1,0,570,16439
Toshiba,26,600,1080,3.79,3.14,3.23,3.09,3.24,3.79,3.26,3.35,1,0,0,0,0,0,0,0,0,0,0,0,1,1,675,16246
Toshiba,32,60,720,3.14,3.21,3.31,3.58,3.73,3.12,3.63,3.78,0,1,0,0,0,0,0,0,0,0,0,0,0,0,510,17281
Toshiba,32,60,1080,2.85,3.85,2.99,3.39,3.19,3.53,3.66,3.3,0,1,0,0,0,0,0,0,0,0,0,0,0,1,585,17628
Toshiba,32,120,720,3.16,2.57,2.95,3.69,4.09,3.15,3.54,3.2,0,1,0,0,0,0,0,0,0,0,1,0,0,0,545,17128
Toshiba,32,120,1080,2.5,2.58,3.18,3.51,3.88,3.69,3.52,3.53,0,1,0,0,0,0,0,0,0,0,1,0,0,1,620,17108
Toshiba,32,240,720,2.87,3.02,2.91,3.83,3.13,3.23,3.48,3.84,0,1,0,0,0,0,0,0,0,0,0,1,0,0,610,16927
Toshiba,32,240,1080,2.95,2.84,3.34,3.42,4.13,3.16,3.48,3.62,0,1,0,0,0,0,0,0,0,0,0,1,0,1,670,17215
Toshiba,32,600,720,3.75,2.79,2.89,3.44,3.29,4.05,3.46,3.43,0,1,0,0,0,0,0,0,0,0,0,0,1,0,645,17017
Toshiba,32,600,1080,3.29,3.39,3.32,3.6,3.72,3.48,3.79,3.55,0,1,0,0,0,0,0,0,0,0,0,0,1,1,705,17618
Toshiba,36,60,720,4.02,2.97,3.43,3.71,3.47,3.79,3.73,3.56,0,0,1,0,0,0,0,0,0,0,0,0,0,0,555,21337
Toshiba,36,60,1080,3.38,3.24,2.84,3.26,3.4,3.69,3.43,3.35,0,0,1,0,0,0,0,0,0,0,0,0,0,1,645,21246
Toshiba,36,120,720,3.34,3.16,3.34,2.97,4.21,3.46,3.65,3.52,0,0,1,0,0,0,0,0,0,0,1,0,0,0,620,21277
Toshiba,36,120,1080,3.11,2.62,3.2,3.46,2.78,3.81,3.38,3.4,0,0,1,0,0,0,0,0,0,0,1,0,0,1,680,20683
Toshiba,36,240,720,2.84,3.33,3.12,3.55,2.79,3.37,3.36,3.61,0,0,1,0,0,0,0,0,0,0,0,1,0,0,655,20706
Toshiba,36,240,1080,3.27,3.02,3.05,3.8,3.72,3.56,3.48,3.59,0,0,1,0,0,0,0,0,0,0,0,1,0,1,730,21344
Toshiba,36,600,720,3.05,2.9,3.06,3.45,2.53,2.93,3.54,2.97,0,0,1,0,0,0,0,0,0,0,0,0,1,0,690,20235
Toshiba,36,600,1080,2.58,3.05,3.28,3.52,3.73,3.03,3.39,3.24,0,0,1,0,0,0,0,0,0,0,0,0,1,1,750,20911
Toshiba,40,60,720,3.41,3.22,2.97,3.63,3.92,3.63,3.21,3.03,0,0,0,1,0,0,0,0,0,0,0,0,0,0,615,16170
Toshiba,40,60,1080,3.13,3.43,2.98,3.38,2.81,3.29,3.66,3.43,0,0,0,1,0,0,0,0,0,0,0,0,0,1,705,15748
Toshiba,40,120,720,3.3,3.13,3.72,3.3,3.39,3.28,3.41,2.72,0,0,0,1,0,0,0,0,0,0,1,0,0,0,680,15637
Toshiba,40,120,1080,2.99,2.58,3.42,3.45,3.16,3.52,3.5,3.36,0,0,0,1,0,0,0,0,0,0,1,0,0,1,725,15597
Toshiba,40,240,720,3.47,3.35,3.32,3.14,3.77,2.61,3.62,3.72,0,0,0,1,0,0,0,0,0,0,0,1,0,0,715,15741
Toshiba,40,240,1080,2.96,2.94,3.29,3.6,3.15,3.29,3.52,3.53,0,0,0,1,0,0,0,0,0,0,0,1,0,1,760,15719
Toshiba,40,600,720,3.34,3.65,3.09,3.29,3.72,3.08,3.5,3.82,0,0,0,1,0,0,0,0,0,0,0,0,1,0,750,16083
Toshiba,40,600,1080,3.47,3.28,2.75,3.19,3.09,3.54,3.57,3.4,0,0,0,1,0,0,0,0,0,0,0,0,1,1,825,15796
Toshiba,42,60,720,3.15,3.3,3.06,3.51,3.83,3.41,3.61,3.24,0,0,0,0,1,0,0,0,0,0,0,0,0,0,675,22983
Toshiba,42,60,1080,2.83,3,3.25,3.6,3.55,2.94,3.38,2.85,0,0,0,0,1,0,0,0,0,0,0,0,0,1,750,22572
Toshiba,42,120,720,3.3,2.85,3.23,3.45,2.93,3.37,3.57,4.19,0,0,0,0,1,0,0,0,0,0,1,0,0,0,710,22430
Toshiba,42,120,1080,3.63,2.88,3.42,3.61,2.94,3.33,3.62,3.49,0,0,0,0,1,0,0,0,0,0,1,0,0,1,785,22472
Toshiba,42,240,720,2.33,2.71,3.34,3.65,3.42,3.56,3.57,3.72,0,0,0,0,1,0,0,0,0,0,0,1,0,0,760,22405
Toshiba,42,240,1080,3.25,2.85,3.19,3.64,2.61,3.21,3.2,3.56,0,0,0,0,1,0,0,0,0,0,0,1,0,1,835,22172
Toshiba,42,600,720,3.26,3.45,2.99,3.46,3.77,3,3.73,3.28,0,0,0,0,1,0,0,0,0,0,0,0,1,0,795,22856
Toshiba,42,600,1080,3.34,2.92,3.04,3.55,3.99,3.38,3.29,3.3,0,0,0,0,1,0,0,0,0,0,0,0,1,1,915,22659
Toshiba,46,60,720,3.05,3.08,3.2,3.39,3.66,3.55,3.89,2.64,0,0,0,0,0,1,0,0,0,0,0,0,0,0,765,27066
Toshiba,46,60,1080,3.34,3.57,3.01,3.8,2.94,3.51,3.37,3.1,0,0,0,0,0,1,0,0,0,0,0,0,0,1,810,27274
Toshiba,46,120,720,2.98,2.95,3.01,3.36,3.5,3.6,3.46,3.27,0,0,0,0,0,1,0,0,0,0,1,0,0,0,770,26972
Toshiba,46,120,1080,3.3,3.04,3.39,3.27,4.3,3.12,3.72,3.2,0,0,0,0,0,1,0,0,0,0,1,0,0,1,875,27310
Toshiba,46,240,720,3.66,3.31,3.07,3.37,3.9,3.14,3.23,3.62,0,0,0,0,0,1,0,0,0,0,0,1,0,0,850,27068
Toshiba,46,240,1080,3.16,3.16,2.78,3.36,3.62,3.2,3.59,3.54,0,0,0,0,0,1,0,0,0,0,0,1,0,1,925,26930
Toshiba,46,600,720,2.77,3.24,2.66,3.24,3.75,3.59,3.65,3.25,0,0,0,0,0,1,0,0,0,0,0,0,1,0,915,26884
Toshiba,46,600,1080,3.16,2.99,3.15,3.24,3.94,3.49,3.61,3.04,0,0,0,0,0,1,0,0,0,0,0,0,1,1,945,27166
Toshiba,49,60,720,3.37,3.05,3,3.85,3.48,3.51,3.35,3.63,0,0,0,0,0,0,1,0,0,0,0,0,0,0,795,13870
Toshiba,49,60,1080,3.09,3.59,3.02,3.51,3.36,3.71,3.59,3.38,0,0,0,0,0,0,1,0,0,0,0,0,0,1,870,14278
Toshiba,49,120,720,3.86,3.71,3.07,3.32,3.29,3.6,3.3,3.5,0,0,0,0,0,0,1,0,0,0,1,0,0,0,860,14006
Toshiba,49,120,1080,3.02,3.09,3.11,3.71,3.46,3.35,3.56,3.5,0,0,0,0,0,0,1,0,0,0,1,0,0,1,920,13873
Toshiba,49,240,720,3.03,2.87,2.9,3.31,3.31,3.45,3.39,3.36,0,0,0,0,0,0,1,0,0,0,0,1,0,0,895,13483
Toshiba,49,240,1080,3.85,3.07,3.09,3.81,3.09,4.07,3.54,3.61,0,0,0,0,0,0,1,0,0,0,0,1,0,1,985,14046
Toshiba,49,600,720,3.32,2.93,2.66,3.44,3.03,3.83,3.34,3.47,0,0,0,0,0,0,1,0,0,0,0,0,1,0,945,13560
Toshiba,49,600,1080,3.41,2.88,2.91,3.35,3.64,3.27,3.58,3.41,0,0,0,0,0,0,1,0,0,0,0,0,1,1,1020,13738
Toshiba,52,60,720,3.73,2.51,3.02,3.76,3.17,2.84,3.4,3.08,0,0,0,0,0,0,0,1,0,0,0,0,0,0,855,12565
Toshiba,52,60,1080,2.94,2.63,3.16,3.39,3.02,3.28,3.33,3.41,0,0,0,0,0,0,0,1,0,0,0,0,0,1,930,12596
Toshiba,52,120,720,3.13,3.09,3.16,3.5,2.85,3.44,3.06,3.68,0,0,0,0,0,0,0,1,0,0,1,0,0,0,920,12595
Toshiba,52,120,1080,3.55,2.91,3.35,3.65,2.85,2.8,3.59,3.28,0,0,0,0,0,0,0,1,0,0,1,0,0,1,1010,12658
Toshiba,52,240,720,2.88,3.5,3.44,3.56,3.67,3.79,3.85,3.52,0,0,0,0,0,0,0,1,0,0,0,1,0,0,970,13458
Toshiba,52,240,1080,3.3,2.54,3.19,3.37,3.25,3.83,3.39,3.59,0,0,0,0,0,0,0,1,0,0,0,1,0,1,1045,12796
Toshiba,52,600,720,2.73,2.82,2.93,3.08,3.65,3.4,3.79,4.4,0,0,0,0,0,0,0,1,0,0,0,0,1,0,990,12843
Toshiba,52,600,1080,3.4,3.25,3.21,3.34,3.89,3.28,3.46,3.18,0,0,0,0,0,0,0,1,0,0,0,0,1,1,1080,13278
Toshiba,55,60,720,4.09,3.24,3.35,3.64,3.29,3.63,3.34,3.34,0,0,0,0,0,0,0,0,1,0,0,0,0,0,900,12360
Toshiba,55,60,1080,3.13,2.97,3.33,3.72,3.69,3.62,3.52,3.27,0,0,0,0,0,0,0,0,1,0,0,0,0,1,975,12397
Toshiba,55,120,720,3.04,2.8,3.12,3.55,4.56,3.36,3.42,2.94,0,0,0,0,0,0,0,0,1,0,1,0,0,0,965,12238
Toshiba,55,120,1080,3.86,2.39,2.81,3.69,3.27,3.23,3.64,3.46,0,0,0,0,0,0,0,0,1,0,1,0,0,1,1040,11654
Toshiba,55,240,720,2.82,2.96,2.84,3.56,3.58,3.48,3.33,3.5,0,0,0,0,0,0,0,0,1,0,0,1,0,0,1015,11865
Toshiba,55,240,1080,3.05,3.24,3.03,3.79,3.28,3.96,3.53,3.29,0,0,0,0,0,0,0,0,1,0,0,1,0,1,1090,12312
Toshiba,55,600,720,3.19,3.06,3.2,3.8,3.85,2.96,3.56,3.39,0,0,0,0,0,0,0,0,1,0,0,0,1,0,1065,12034
Toshiba,55,600,1080,3.44,2.69,2.98,3.38,3.24,3.92,3.53,3.37,0,0,0,0,0,0,0,0,1,0,0,0,1,1,1140,11888
Toshiba,60,60,720,2.76,3.39,2.79,3.5,3.23,2.85,3.56,3.31,0,0,0,0,0,0,0,0,0,1,0,0,0,0,990,8480
Toshiba,60,60,1080,2.81,3.32,3.36,3.62,3.67,3.15,3.42,3.14,0,0,0,0,0,0,0,0,0,1,0,0,0,1,1035,9091
Toshiba,60,120,720,3.32,3.04,3.01,3.76,3.39,3.57,3.2,3.18,0,0,0,0,0,0,0,0,0,1,1,0,0,0,1040,8557
Toshiba,60,120,1080,3.12,3.12,3.3,3.53,3.13,3.73,3.57,3.12,0,0,0,0,0,0,0,0,0,1,1,0,0,1,1070,8853
Toshiba,60,240,720,2.53,3.12,3.19,3.4,2.53,3.14,3.31,3.61,0,0,0,0,0,0,0,0,0,1,0,1,0,0,1060,8100
Toshiba,60,240,1080,2.51,3.15,2.84,3.49,2.84,3.34,3.72,3.39,0,0,0,0,0,0,0,0,0,1,0,1,0,1,1150,8477
Toshiba,60,600,720,2.51,3.33,3.11,3.23,3.18,3.16,3.44,3.5,0,0,0,0,0,0,0,0,0,1,0,0,1,0,1155,8337
Toshiba,60,600,1080,3.21,2.99,3.23,3.39,3.72,2.94,3.67,3.19,0,0,0,0,0,0,0,0,0,1,0,0,1,1,1200,8663
